DEPARTAMENTO,MUNICIPIO,TOTAL,TOPE GASTOS,MAX_CURUL,GERENTE DE CAMPAÑA,departamento_normalizado,ciudad_normalizado,TOPE DONACIONES
AMAZONAS,EL ENCANTO,783,144319596,1,NO,amazonas,el encanto,14431959.600000001
AMAZONAS,LA CHORRERA,1061,144319596,1,NO,amazonas,la chorrera,14431959.600000001
AMAZONAS,LA PEDRERA,1179,144319596,1,NO,amazonas,la pedrera,14431959.600000001
AMAZONAS,LA VICTORIA,65,144319596,1,NO,amazonas,la victoria,14431959.600000001
AMAZONAS,LETICIA,42092,274894466,1,SI,amazonas,leticia,27489446.6
AMAZONAS,MIRITI PARANA,551,144319596,1,NO,amazonas,miriti parana,14431959.600000001
AMAZONAS,PUERTO ALEGRIA,282,144319596,1,NO,amazonas,puerto alegria,14431959.600000001
AMAZONAS,PUERTO ARICA,494,144319596,1,NO,amazonas,puerto arica,14431959.600000001
AMAZONAS,PUERTO NARIÑO,4999,144319596,1,NO,amazonas,puerto narino,14431959.600000001
AMAZONAS,PUERTO SANTANDER,589,144319596,1,NO,amazonas,puerto santander,14431959.600000001
AMAZONAS,TARAPACA,1444,144319596,1,NO,amazonas,tarapaca,14431959.600000001
ANTIOQUIA,ABEJORRAL,15523,144319596,1,NO,antioquia,abejorral,14431959.600000001
ANTIOQUIA,ABRIAQUI,1986,144319596,1,NO,antioquia,abriaqui,14431959.600000001
ANTIOQUIA,ALEJANDRIA,4673,144319596,1,NO,antioquia,alejandria,14431959.600000001
ANTIOQUIA,AMAGA,23955,144319596,1,NO,antioquia,amaga,14431959.600000001
ANTIOQUIA,AMALFI,18778,144319596,1,NO,antioquia,amalfi,14431959.600000001
ANTIOQUIA,ANDES,36524,274894466,1,SI,antioquia,andes,27489446.6
ANTIOQUIA,ANGELOPOLIS,6051,144319596,1,NO,antioquia,angelopolis,14431959.600000001
ANTIOQUIA,ANGOSTURA,9588,144319596,1,NO,antioquia,angostura,14431959.600000001
ANTIOQUIA,ANORI,13169,144319596,1,NO,antioquia,anori,14431959.600000001
ANTIOQUIA,ANTIOQUIA,23383,144319596,1,NO,antioquia,antioquia,14431959.600000001
ANTIOQUIA,ANZA,6446,144319596,1,NO,antioquia,anza,14431959.600000001
ANTIOQUIA,APARTADO,105864,1647076017,1,SI,antioquia,apartado,164707601.70000002
ANTIOQUIA,ARBOLETES,23992,144319596,1,NO,antioquia,arboletes,14431959.600000001
ANTIOQUIA,ARGELIA,6917,144319596,1,NO,antioquia,argelia,14431959.600000001
ANTIOQUIA,ARMENIA,4672,144319596,1,NO,antioquia,armenia,14431959.600000001
ANTIOQUIA,BARBOSA,46103,274894466,1,SI,antioquia,barbosa,27489446.6
ANTIOQUIA,BELLO,350244,1862410015,1,SI,antioquia,bello,186241001.5
ANTIOQUIA,BELMIRA,5293,144319596,1,NO,antioquia,belmira,14431959.600000001
ANTIOQUIA,BETANIA,8553,144319596,1,NO,antioquia,betania,14431959.600000001
ANTIOQUIA,BETULIA,13924,144319596,1,NO,antioquia,betulia,14431959.600000001
ANTIOQUIA,BOLIVAR,24481,144319596,1,NO,antioquia,bolivar,14431959.600000001
ANTIOQUIA,BRICEÑO,7055,144319596,1,NO,antioquia,briceno,14431959.600000001
ANTIOQUIA,BURITICA,7863,144319596,1,NO,antioquia,buritica,14431959.600000001
ANTIOQUIA,CACERES,20161,144319596,1,NO,antioquia,caceres,14431959.600000001
ANTIOQUIA,CAICEDO,7102,144319596,1,NO,antioquia,caicedo,14431959.600000001
ANTIOQUIA,CALDAS,69944,824683400,1,SI,antioquia,caldas,82468340.0
ANTIOQUIA,CAMPAMENTO,7235,144319596,1,NO,antioquia,campamento,14431959.600000001
ANTIOQUIA,CAÑASGORDAS,14650,144319596,1,NO,antioquia,canasgordas,14431959.600000001
ANTIOQUIA,CARACOLI,5004,144319596,1,NO,antioquia,caracoli,14431959.600000001
ANTIOQUIA,CARAMANTA,5113,144319596,1,NO,antioquia,caramanta,14431959.600000001
ANTIOQUIA,CAREPA,48495,274894466,1,SI,antioquia,carepa,27489446.6
ANTIOQUIA,CARMEN DE VIBORAL,42630,274894466,1,SI,antioquia,carmen de viboral,27489446.6
ANTIOQUIA,CAROLINA,4369,144319596,1,NO,antioquia,carolina,14431959.600000001
ANTIOQUIA,CAUCASIA,74524,824683400,1,SI,antioquia,caucasia,82468340.0
ANTIOQUIA,CHIGORODO,51968,824683400,1,SI,antioquia,chigorodo,82468340.0
ANTIOQUIA,CISNEROS,12514,144319596,1,NO,antioquia,cisneros,14431959.600000001
ANTIOQUIA,COCORNA,14338,144319596,1,NO,antioquia,cocorna,14431959.600000001
ANTIOQUIA,CONCEPCION,4453,144319596,1,NO,antioquia,concepcion,14431959.600000001
ANTIOQUIA,CONCORDIA,16565,144319596,1,NO,antioquia,concordia,14431959.600000001
ANTIOQUIA,COPACABANA,76053,824683400,1,SI,antioquia,copacabana,82468340.0
ANTIOQUIA,DABEIBA,20152,144319596,1,NO,antioquia,dabeiba,14431959.600000001
ANTIOQUIA,DON MATIAS,18303,144319596,1,NO,antioquia,don matias,14431959.600000001
ANTIOQUIA,EBEJICO,11679,144319596,1,NO,antioquia,ebejico,14431959.600000001
ANTIOQUIA,EL BAGRE,40718,274894466,1,SI,antioquia,el bagre,27489446.6
ANTIOQUIA,ENTRERRIOS,9625,144319596,1,NO,antioquia,entrerrios,14431959.600000001
ANTIOQUIA,ENVIGADO,244581,1647076017,1,SI,antioquia,envigado,164707601.70000002
ANTIOQUIA,FREDONIA,18348,144319596,1,NO,antioquia,fredonia,14431959.600000001
ANTIOQUIA,FRONTINO,18127,144319596,1,NO,antioquia,frontino,14431959.600000001
ANTIOQUIA,GIRALDO,4896,144319596,1,NO,antioquia,giraldo,14431959.600000001
ANTIOQUIA,GIRARDOTA,56565,824683400,1,SI,antioquia,girardota,82468340.0
ANTIOQUIA,GOMEZ PLATA,9135,144319596,1,NO,antioquia,gomez plata,14431959.600000001
ANTIOQUIA,GRANADA,10296,144319596,1,NO,antioquia,granada,14431959.600000001
ANTIOQUIA,GUADALUPE,5970,144319596,1,NO,antioquia,guadalupe,14431959.600000001
ANTIOQUIA,GUARNE,40480,274894466,1,SI,antioquia,guarne,27489446.6
ANTIOQUIA,GUATAPE,7895,144319596,1,NO,antioquia,guatape,14431959.600000001
ANTIOQUIA,HELICONIA,6120,144319596,1,NO,antioquia,heliconia,14431959.600000001
ANTIOQUIA,HISPANIA,5379,144319596,1,NO,antioquia,hispania,14431959.600000001
ANTIOQUIA,ITAGUI,264607,1862410015,1,SI,antioquia,itagui,186241001.5
ANTIOQUIA,ITUANGO,18255,144319596,1,NO,antioquia,ituango,14431959.600000001
ANTIOQUIA,JARDIN,13225,144319596,1,NO,antioquia,jardin,14431959.600000001
ANTIOQUIA,JERICO,11620,144319596,1,NO,antioquia,jerico,14431959.600000001
ANTIOQUIA,LA CEJA,55073,824683400,1,SI,antioquia,la ceja,82468340.0
ANTIOQUIA,LA ESTRELLA,63920,824683400,1,SI,antioquia,la estrella,82468340.0
ANTIOQUIA,LA PINTADA,7464,144319596,1,NO,antioquia,la pintada,14431959.600000001
ANTIOQUIA,LA UNION,19341,144319596,1,NO,antioquia,la union,14431959.600000001
ANTIOQUIA,LIBORINA,9637,144319596,1,NO,antioquia,liborina,14431959.600000001
ANTIOQUIA,MACEO,8342,144319596,1,NO,antioquia,maceo,14431959.600000001
ANTIOQUIA,MARINILLA,47880,274894466,1,SI,antioquia,marinilla,27489446.6
ANTIOQUIA,MEDELLIN,1805666,2630764028,1,SI,antioquia,medellin,263076402.8
ANTIOQUIA,MONTEBELLO,6512,144319596,1,NO,antioquia,montebello,14431959.600000001
ANTIOQUIA,MURINDO,3411,144319596,1,NO,antioquia,murindo,14431959.600000001
ANTIOQUIA,MUTATA,15969,144319596,1,NO,antioquia,mutata,14431959.600000001
ANTIOQUIA,NARIÑO,9169,144319596,1,NO,antioquia,narino,14431959.600000001
ANTIOQUIA,NECHI,20960,144319596,1,NO,antioquia,nechi,14431959.600000001
ANTIOQUIA,NECOCLI,38194,274894466,1,SI,antioquia,necocli,27489446.6
ANTIOQUIA,OLAYA,2942,144319596,1,NO,antioquia,olaya,14431959.600000001
ANTIOQUIA,PEÑOL,18075,144319596,1,NO,antioquia,penol,14431959.600000001
ANTIOQUIA,PEQUE,6662,144319596,1,NO,antioquia,peque,14431959.600000001
ANTIOQUIA,PUEBLORRICO,7608,144319596,1,NO,antioquia,pueblorrico,14431959.600000001
ANTIOQUIA,PUERTO BERRIO,36021,274894466,1,SI,antioquia,puerto berrio,27489446.6
ANTIOQUIA,PUERTO NARE-LA MAGDALENA,12536,144319596,1,NO,antioquia,puerto nare-la magdalena,14431959.600000001
ANTIOQUIA,PUERTO TRIUNFO,15368,144319596,1,NO,antioquia,puerto triunfo,14431959.600000001
ANTIOQUIA,REMEDIOS,21873,144319596,1,NO,antioquia,remedios,14431959.600000001
ANTIOQUIA,RETIRO,19933,144319596,1,NO,antioquia,retiro,14431959.600000001
ANTIOQUIA,RIONEGRO,119671,1647076017,1,SI,antioquia,rionegro,164707601.70000002
ANTIOQUIA,SABANALARGA,7711,144319596,1,NO,antioquia,sabanalarga,14431959.600000001
ANTIOQUIA,SABANETA,92391,824683400,1,SI,antioquia,sabaneta,82468340.0
ANTIOQUIA,SALGAR,14356,144319596,1,NO,antioquia,salgar,14431959.600000001
ANTIOQUIA,SAN ANDRES,5858,144319596,1,NO,antioquia,san andres,14431959.600000001
ANTIOQUIA,SAN CARLOS,15276,144319596,1,NO,antioquia,san carlos,14431959.600000001
ANTIOQUIA,SAN FRANCISCO,6832,144319596,1,NO,antioquia,san francisco,14431959.600000001
ANTIOQUIA,SAN JERONIMO,13343,144319596,1,NO,antioquia,san jeronimo,14431959.600000001
ANTIOQUIA,SAN JOSE DE LA MONTAÑA,3348,144319596,1,NO,antioquia,san jose de la montana,14431959.600000001
ANTIOQUIA,SAN JUAN DE URABA,20629,144319596,1,NO,antioquia,san juan de uraba,14431959.600000001
ANTIOQUIA,SAN LUIS,12143,144319596,1,NO,antioquia,san luis,14431959.600000001
ANTIOQUIA,SAN PEDRO,22939,144319596,1,NO,antioquia,san pedro,14431959.600000001
ANTIOQUIA,SAN PEDRO DE URABA,29273,274894466,1,SI,antioquia,san pedro de uraba,27489446.6
ANTIOQUIA,SAN RAFAEL,13422,144319596,1,NO,antioquia,san rafael,14431959.600000001
ANTIOQUIA,SAN ROQUE,16124,144319596,1,NO,antioquia,san roque,14431959.600000001
ANTIOQUIA,SAN VICENTE,17191,144319596,1,NO,antioquia,san vicente,14431959.600000001
ANTIOQUIA,SANTA BARBARA,22828,144319596,1,NO,antioquia,santa barbara,14431959.600000001
ANTIOQUIA,SANTA ROSA DE OSOS,28716,274894466,1,SI,antioquia,santa rosa de osos,27489446.6
ANTIOQUIA,SANTO DOMINGO,9605,144319596,1,NO,antioquia,santo domingo,14431959.600000001
ANTIOQUIA,SANTUARIO,29423,274894466,1,SI,antioquia,santuario,27489446.6
ANTIOQUIA,SEGOVIA,30417,274894466,1,SI,antioquia,segovia,27489446.6
ANTIOQUIA,SONSON,27607,274894466,1,SI,antioquia,sonson,27489446.6
ANTIOQUIA,SOPETRAN,13377,144319596,1,NO,antioquia,sopetran,14431959.600000001
ANTIOQUIA,TAMESIS,15192,144319596,1,NO,antioquia,tamesis,14431959.600000001
ANTIOQUIA,TARAZA,25831,274894466,1,SI,antioquia,taraza,27489446.6
ANTIOQUIA,TARSO,6173,144319596,1,NO,antioquia,tarso,14431959.600000001
ANTIOQUIA,TITIRIBI,8821,144319596,1,NO,antioquia,titiribi,14431959.600000001
ANTIOQUIA,TOLEDO,4684,144319596,1,NO,antioquia,toledo,14431959.600000001
ANTIOQUIA,TURBO,94586,824683400,1,SI,antioquia,turbo,82468340.0
ANTIOQUIA,URAMITA,6629,144319596,1,NO,antioquia,uramita,14431959.600000001
ANTIOQUIA,URRAO,25612,274894466,1,SI,antioquia,urrao,27489446.6
ANTIOQUIA,VALDIVIA,12666,144319596,1,NO,antioquia,valdivia,14431959.600000001
ANTIOQUIA,VALPARAISO,5800,144319596,1,NO,antioquia,valparaiso,14431959.600000001
ANTIOQUIA,VEGACHI,12087,144319596,1,NO,antioquia,vegachi,14431959.600000001
ANTIOQUIA,VENECIA,11554,144319596,1,NO,antioquia,venecia,14431959.600000001
ANTIOQUIA,VIGIA DEL FUERTE,6516,144319596,1,NO,antioquia,vigia del fuerte,14431959.600000001
ANTIOQUIA,YALI,6476,144319596,1,NO,antioquia,yali,14431959.600000001
ANTIOQUIA,YARUMAL,35214,274894466,1,SI,antioquia,yarumal,27489446.6
ANTIOQUIA,YOLOMBO,16959,144319596,1,NO,antioquia,yolombo,14431959.600000001
ANTIOQUIA,YONDO-CASABE,15598,144319596,1,NO,antioquia,yondo-casabe,14431959.600000001
ANTIOQUIA,ZARAGOZA,21017,144319596,1,NO,antioquia,zaragoza,14431959.600000001
ARAUCA,ARAUCA,82554,824683400,1,SI,arauca,arauca,82468340.0
ARAUCA,ARAUQUITA,34840,274894466,1,SI,arauca,arauquita,27489446.6
ARAUCA,CRAVO NORTE,3939,144319596,1,NO,arauca,cravo norte,14431959.600000001
ARAUCA,FORTUL,13653,144319596,1,NO,arauca,fortul,14431959.600000001
ARAUCA,PUERTO RONDON,3983,144319596,1,NO,arauca,puerto rondon,14431959.600000001
ARAUCA,SARAVENA,39574,274894466,1,SI,arauca,saravena,27489446.6
ARAUCA,TAME,38851,274894466,1,SI,arauca,tame,27489446.6
ATLANTICO,BARANOA,51710,824683400,1,SI,atlantico,baranoa,82468340.0
ATLANTICO,BARRANQUILLA,1160206,2630764028,1,SI,atlantico,barranquilla,263076402.8
ATLANTICO,CAMPO DE LA CRUZ,23116,144319596,1,NO,atlantico,campo de la cruz,14431959.600000001
ATLANTICO,CANDELARIA,14430,144319596,1,NO,atlantico,candelaria,14431959.600000001
ATLANTICO,GALAPA,43134,274894466,1,SI,atlantico,galapa,27489446.6
ATLANTICO,JUAN DE ACOSTA,18845,144319596,1,NO,atlantico,juan de acosta,14431959.600000001
ATLANTICO,LURUACO,26115,274894466,1,SI,atlantico,luruaco,27489446.6
ATLANTICO,MALAMBO,90538,824683400,1,SI,atlantico,malambo,82468340.0
ATLANTICO,MANATI,16602,144319596,1,NO,atlantico,manati,14431959.600000001
ATLANTICO,PALMAR DE VARELA,22801,144319596,1,NO,atlantico,palmar de varela,14431959.600000001
ATLANTICO,PIOJO,5818,144319596,1,NO,atlantico,piojo,14431959.600000001
ATLANTICO,POLONUEVO,14563,144319596,1,NO,atlantico,polonuevo,14431959.600000001
ATLANTICO,PONEDERA,20358,144319596,1,NO,atlantico,ponedera,14431959.600000001
ATLANTICO,PUERTO COLOMBIA,37855,274894466,1,SI,atlantico,puerto colombia,27489446.6
ATLANTICO,REPELON,21424,144319596,1,NO,atlantico,repelon,14431959.600000001
ATLANTICO,SABANAGRANDE,25775,274894466,1,SI,atlantico,sabanagrande,27489446.6
ATLANTICO,SABANALARGA,74771,824683400,1,SI,atlantico,sabanalarga,82468340.0
ATLANTICO,SANTA LUCIA,12881,144319596,1,NO,atlantico,santa lucia,14431959.600000001
ATLANTICO,SANTO TOMAS,27685,274894466,1,SI,atlantico,santo tomas,27489446.6
ATLANTICO,SOLEDAD,326167,1862410015,1,SI,atlantico,soledad,186241001.5
ATLANTICO,SUAN,11609,144319596,1,NO,atlantico,suan,14431959.600000001
ATLANTICO,TUBARA,10389,144319596,1,NO,atlantico,tubara,14431959.600000001
ATLANTICO,USIACURI,8841,144319596,1,NO,atlantico,usiacuri,14431959.600000001
BOGOTA. D.C.,BOGOTA. D.C.,6044205,5257463395,1,SI,bogota. d.c.,bogota. d.c.,525746339.5
BOLIVAR,ACHI,18442,144319596,1,NO,bolivar,achi,14431959.600000001
BOLIVAR,ALTOS DEL ROSARIO,8136,144319596,1,NO,bolivar,altos del rosario,14431959.600000001
BOLIVAR,ARENAL,6764,144319596,1,NO,bolivar,arenal,14431959.600000001
BOLIVAR,ARJONA,58659,824683400,1,SI,bolivar,arjona,82468340.0
BOLIVAR,ARROYO HONDO,10066,144319596,1,NO,bolivar,arroyo hondo,14431959.600000001
BOLIVAR,BARRANCO DE LOBA,12581,144319596,1,NO,bolivar,barranco de loba,14431959.600000001
BOLIVAR,CALAMAR,20327,144319596,1,NO,bolivar,calamar,14431959.600000001
BOLIVAR,CANTAGALLO,8098,144319596,1,NO,bolivar,cantagallo,14431959.600000001
BOLIVAR,CARTAGENA,838717,2465931344,1,SI,bolivar,cartagena,246593134.4
BOLIVAR,CICUCO,11252,144319596,1,NO,bolivar,cicuco,14431959.600000001
BOLIVAR,CLEMENCIA,12408,144319596,1,NO,bolivar,clemencia,14431959.600000001
BOLIVAR,CORDOBA,15209,144319596,1,NO,bolivar,cordoba,14431959.600000001
BOLIVAR,EL CARMEN DE BOLIVAR,60573,824683400,1,SI,bolivar,el carmen de bolivar,82468340.0
BOLIVAR,EL GUAMO,8515,144319596,1,NO,bolivar,el guamo,14431959.600000001
BOLIVAR,EL PEÑON,6561,144319596,1,NO,bolivar,el penon,14431959.600000001
BOLIVAR,HATILLO DE LOBA,11881,144319596,1,NO,bolivar,hatillo de loba,14431959.600000001
BOLIVAR,MAGANGUE,102903,1647076017,1,SI,bolivar,magangue,164707601.70000002
BOLIVAR,MAHATES,22257,144319596,1,NO,bolivar,mahates,14431959.600000001
BOLIVAR,MARGARITA,10561,144319596,1,NO,bolivar,margarita,14431959.600000001
BOLIVAR,MARIA LA BAJA,44166,274894466,1,SI,bolivar,maria la baja,27489446.6
BOLIVAR,MOMPOS,38769,274894466,1,SI,bolivar,mompos,27489446.6
BOLIVAR,MONTECRISTO,9851,144319596,1,NO,bolivar,montecristo,14431959.600000001
BOLIVAR,MORALES,12549,144319596,1,NO,bolivar,morales,14431959.600000001
BOLIVAR,NOROSI,4899,144319596,1,NO,bolivar,norosi,14431959.600000001
BOLIVAR,PINILLOS,18760,144319596,1,NO,bolivar,pinillos,14431959.600000001
BOLIVAR,REGIDOR,5389,144319596,1,NO,bolivar,regidor,14431959.600000001
BOLIVAR,RIOVIEJO,6856,144319596,1,NO,bolivar,rioviejo,14431959.600000001
BOLIVAR,SAN CRISTOBAL,7917,144319596,1,NO,bolivar,san cristobal,14431959.600000001
BOLIVAR,SAN ESTANISLAO,16417,144319596,1,NO,bolivar,san estanislao,14431959.600000001
BOLIVAR,SAN FERNANDO,10027,144319596,1,NO,bolivar,san fernando,14431959.600000001
BOLIVAR,SAN JACINTO,22004,144319596,1,NO,bolivar,san jacinto,14431959.600000001
BOLIVAR,SAN JACINTO DEL CAUCA,7386,144319596,1,NO,bolivar,san jacinto del cauca,14431959.600000001
BOLIVAR,SAN JUAN NEPOMUCENO,33018,274894466,1,SI,bolivar,san juan nepomuceno,27489446.6
BOLIVAR,SAN MARTIN DE LOBA,12700,144319596,1,NO,bolivar,san martin de loba,14431959.600000001
BOLIVAR,SAN PABLO,20597,144319596,1,NO,bolivar,san pablo,14431959.600000001
BOLIVAR,SANTA CATALINA,14186,144319596,1,NO,bolivar,santa catalina,14431959.600000001
BOLIVAR,SANTA ROSA,16896,144319596,1,NO,bolivar,santa rosa,14431959.600000001
BOLIVAR,SANTA ROSA DEL SUR,25434,274894466,1,SI,bolivar,santa rosa del sur,27489446.6
BOLIVAR,SIMITI,13502,144319596,1,NO,bolivar,simiti,14431959.600000001
BOLIVAR,SOPLAVIENTO,8906,144319596,1,NO,bolivar,soplaviento,14431959.600000001
BOLIVAR,TALAIGUA NUEVO,10255,144319596,1,NO,bolivar,talaigua nuevo,14431959.600000001
BOLIVAR,TIQUISIO (PTO. RICO),14987,144319596,1,NO,bolivar,tiquisio (pto. rico),14431959.600000001
BOLIVAR,TURBACO,74108,824683400,1,SI,bolivar,turbaco,82468340.0
BOLIVAR,TURBANA,16437,144319596,1,NO,bolivar,turbana,14431959.600000001
BOLIVAR,VILLANUEVA,17368,144319596,1,NO,bolivar,villanueva,14431959.600000001
BOLIVAR,ZAMBRANO,10081,144319596,1,NO,bolivar,zambrano,14431959.600000001
BOYACA,ALMEIDA,2014,144319596,1,NO,boyaca,almeida,14431959.600000001
BOYACA,AQUITANIA (PUEBLOVIEJO),13132,144319596,1,NO,boyaca,aquitania (puebloviejo),14431959.600000001
BOYACA,ARCABUCO,5170,144319596,1,NO,boyaca,arcabuco,14431959.600000001
BOYACA,BELEN,6858,144319596,1,NO,boyaca,belen,14431959.600000001
BOYACA,BERBEO,1428,144319596,1,NO,boyaca,berbeo,14431959.600000001
BOYACA,BETEITIVA,1907,144319596,1,NO,boyaca,beteitiva,14431959.600000001
BOYACA,BOAVITA,5052,144319596,1,NO,boyaca,boavita,14431959.600000001
BOYACA,BOYACA,4469,144319596,1,NO,boyaca,boyaca,14431959.600000001
BOYACA,BRICEÑO,2472,144319596,1,NO,boyaca,briceno,14431959.600000001
BOYACA,BUENAVISTA,5052,144319596,1,NO,boyaca,buenavista,14431959.600000001
BOYACA,BUSBANZA,999,144319596,1,NO,boyaca,busbanza,14431959.600000001
BOYACA,CALDAS,3246,144319596,1,NO,boyaca,caldas,14431959.600000001
BOYACA,CAMPOHERMOSO,2488,144319596,1,NO,boyaca,campohermoso,14431959.600000001
BOYACA,CERINZA,3585,144319596,1,NO,boyaca,cerinza,14431959.600000001
BOYACA,CHINAVITA,3098,144319596,1,NO,boyaca,chinavita,14431959.600000001
BOYACA,CHIQUINQUIRA,43749,274894466,1,SI,boyaca,chiquinquira,27489446.6
BOYACA,CHIQUIZA,4667,144319596,1,NO,boyaca,chiquiza,14431959.600000001
BOYACA,CHISCAS,3387,144319596,1,NO,boyaca,chiscas,14431959.600000001
BOYACA,CHITA,6394,144319596,1,NO,boyaca,chita,14431959.600000001
BOYACA,CHITARAQUE,5728,144319596,1,NO,boyaca,chitaraque,14431959.600000001
BOYACA,CHIVATA,3094,144319596,1,NO,boyaca,chivata,14431959.600000001
BOYACA,CHIVOR,1870,144319596,1,NO,boyaca,chivor,14431959.600000001
BOYACA,CIENEGA,3893,144319596,1,NO,boyaca,cienega,14431959.600000001
BOYACA,COMBITA,9796,144319596,1,NO,boyaca,combita,14431959.600000001
BOYACA,COPER,3242,144319596,1,NO,boyaca,coper,14431959.600000001
BOYACA,CORRALES,2354,144319596,1,NO,boyaca,corrales,14431959.600000001
BOYACA,COVARACHIA,3297,144319596,1,NO,boyaca,covarachia,14431959.600000001
BOYACA,CUBARA,6625,144319596,1,NO,boyaca,cubara,14431959.600000001
BOYACA,CUCAITA,3378,144319596,1,NO,boyaca,cucaita,14431959.600000001
BOYACA,CUITIVA,1850,144319596,1,NO,boyaca,cuitiva,14431959.600000001
BOYACA,DUITAMA,94696,824683400,1,SI,boyaca,duitama,82468340.0
BOYACA,EL COCUY,3486,144319596,1,NO,boyaca,el cocuy,14431959.600000001
BOYACA,EL ESPINO,2285,144319596,1,NO,boyaca,el espino,14431959.600000001
BOYACA,FIRAVITOBA,6056,144319596,1,NO,boyaca,firavitoba,14431959.600000001
BOYACA,FLORESTA,3420,144319596,1,NO,boyaca,floresta,14431959.600000001
BOYACA,GACHANTIVA,3051,144319596,1,NO,boyaca,gachantiva,14431959.600000001
BOYACA,GAMEZA,4124,144319596,1,NO,boyaca,gameza,14431959.600000001
BOYACA,GARAGOA,12206,144319596,1,NO,boyaca,garagoa,14431959.600000001
BOYACA,GUACAMAYAS,1626,144319596,1,NO,boyaca,guacamayas,14431959.600000001
BOYACA,GUATEQUE,9213,144319596,1,NO,boyaca,guateque,14431959.600000001
BOYACA,GUAYATA,3928,144319596,1,NO,boyaca,guayata,14431959.600000001
BOYACA,GUICAN,3141,144319596,1,NO,boyaca,guican,14431959.600000001
BOYACA,IZA,2285,144319596,1,NO,boyaca,iza,14431959.600000001
BOYACA,JENESANO,6138,144319596,1,NO,boyaca,jenesano,14431959.600000001
BOYACA,JERICO,3369,144319596,1,NO,boyaca,jerico,14431959.600000001
BOYACA,LA CAPILLA,2541,144319596,1,NO,boyaca,la capilla,14431959.600000001
BOYACA,LA UVITA,2491,144319596,1,NO,boyaca,la uvita,14431959.600000001
BOYACA,LA VICTORIA,1558,144319596,1,NO,boyaca,la victoria,14431959.600000001
BOYACA,LABRANZAGRANDE,3122,144319596,1,NO,boyaca,labranzagrande,14431959.600000001
BOYACA,MACANAL,3686,144319596,1,NO,boyaca,macanal,14431959.600000001
BOYACA,MARIPI,6265,144319596,1,NO,boyaca,maripi,14431959.600000001
BOYACA,MIRAFLORES,7683,144319596,1,NO,boyaca,miraflores,14431959.600000001
BOYACA,MONGUA,4084,144319596,1,NO,boyaca,mongua,14431959.600000001
BOYACA,MONGUI,3941,144319596,1,NO,boyaca,mongui,14431959.600000001
BOYACA,MONIQUIRA,19127,144319596,1,NO,boyaca,moniquira,14431959.600000001
BOYACA,MOTAVITA,5747,144319596,1,NO,boyaca,motavita,14431959.600000001
BOYACA,MUZO,7717,144319596,1,NO,boyaca,muzo,14431959.600000001
BOYACA,NOBSA,13082,144319596,1,NO,boyaca,nobsa,14431959.600000001
BOYACA,NUEVO COLON,4801,144319596,1,NO,boyaca,nuevo colon,14431959.600000001
BOYACA,OICATA,2853,144319596,1,NO,boyaca,oicata,14431959.600000001
BOYACA,OTANCHE,7012,144319596,1,NO,boyaca,otanche,14431959.600000001
BOYACA,PACHAVITA,2007,144319596,1,NO,boyaca,pachavita,14431959.600000001
BOYACA,PAEZ,2487,144319596,1,NO,boyaca,paez,14431959.600000001
BOYACA,PAIPA,29325,274894466,1,SI,boyaca,paipa,27489446.6
BOYACA,PAJARITO,1759,144319596,1,NO,boyaca,pajarito,14431959.600000001
BOYACA,PANQUEBA,1589,144319596,1,NO,boyaca,panqueba,14431959.600000001
BOYACA,PAUNA,6999,144319596,1,NO,boyaca,pauna,14431959.600000001
BOYACA,PAYA,1734,144319596,1,NO,boyaca,paya,14431959.600000001
BOYACA,PAZ DE RIO,4151,144319596,1,NO,boyaca,paz de rio,14431959.600000001
BOYACA,PESCA,6515,144319596,1,NO,boyaca,pesca,14431959.600000001
BOYACA,PISBA,1189,144319596,1,NO,boyaca,pisba,14431959.600000001
BOYACA,PUERTO BOYACA,38741,274894466,1,SI,boyaca,puerto boyaca,27489446.6
BOYACA,QUIPAMA,5074,144319596,1,NO,boyaca,quipama,14431959.600000001
BOYACA,RAMIRIQUI,9203,144319596,1,NO,boyaca,ramiriqui,14431959.600000001
BOYACA,RAQUIRA,5171,144319596,1,NO,boyaca,raquira,14431959.600000001
BOYACA,RONDON,2339,144319596,1,NO,boyaca,rondon,14431959.600000001
BOYACA,SABOYA,10456,144319596,1,NO,boyaca,saboya,14431959.600000001
BOYACA,SACHICA,3969,144319596,1,NO,boyaca,sachica,14431959.600000001
BOYACA,SAMACA,15738,144319596,1,NO,boyaca,samaca,14431959.600000001
BOYACA,SAN EDUARDO,1487,144319596,1,NO,boyaca,san eduardo,14431959.600000001
BOYACA,SAN JOSE DE PARE,5683,144319596,1,NO,boyaca,san jose de pare,14431959.600000001
BOYACA,SAN LUIS DE GACENO,4211,144319596,1,NO,boyaca,san luis de gaceno,14431959.600000001
BOYACA,SAN MATEO,3635,144319596,1,NO,boyaca,san mateo,14431959.600000001
BOYACA,SAN MIGUEL DE SEMA,2757,144319596,1,NO,boyaca,san miguel de sema,14431959.600000001
BOYACA,SAN PABLO DE BORBUR,5854,144319596,1,NO,boyaca,san pablo de borbur,14431959.600000001
BOYACA,SANTA MARIA,3270,144319596,1,NO,boyaca,santa maria,14431959.600000001
BOYACA,SANTA ROSA DE VITERBO,8741,144319596,1,NO,boyaca,santa rosa de viterbo,14431959.600000001
BOYACA,SANTA SOFIA,3164,144319596,1,NO,boyaca,santa sofia,14431959.600000001
BOYACA,SANTANA,7217,144319596,1,NO,boyaca,santana,14431959.600000001
BOYACA,SATIVANORTE,2517,144319596,1,NO,boyaca,sativanorte,14431959.600000001
BOYACA,SATIVASUR,1254,144319596,1,NO,boyaca,sativasur,14431959.600000001
BOYACA,SIACHOQUE,6366,144319596,1,NO,boyaca,siachoque,14431959.600000001
BOYACA,SOATA,7717,144319596,1,NO,boyaca,soata,14431959.600000001
BOYACA,SOCHA,6667,144319596,1,NO,boyaca,socha,14431959.600000001
BOYACA,SOCOTA,5962,144319596,1,NO,boyaca,socota,14431959.600000001
BOYACA,SOGAMOSO,99531,824683400,1,SI,boyaca,sogamoso,82468340.0
BOYACA,SOMONDOCO,2834,144319596,1,NO,boyaca,somondoco,14431959.600000001
BOYACA,SORA,2817,144319596,1,NO,boyaca,sora,14431959.600000001
BOYACA,SORACA,6302,144319596,1,NO,boyaca,soraca,14431959.600000001
BOYACA,SOTAQUIRA,6058,144319596,1,NO,boyaca,sotaquira,14431959.600000001
BOYACA,SUSACON,2565,144319596,1,NO,boyaca,susacon,14431959.600000001
BOYACA,SUTAMARCHAN,6023,144319596,1,NO,boyaca,sutamarchan,14431959.600000001
BOYACA,SUTATENZA,3855,144319596,1,NO,boyaca,sutatenza,14431959.600000001
BOYACA,TASCO,4936,144319596,1,NO,boyaca,tasco,14431959.600000001
BOYACA,TENZA,3614,144319596,1,NO,boyaca,tenza,14431959.600000001
BOYACA,TIBANA,7612,144319596,1,NO,boyaca,tibana,14431959.600000001
BOYACA,TIBASOSA,9868,144319596,1,NO,boyaca,tibasosa,14431959.600000001
BOYACA,TINJACA,2934,144319596,1,NO,boyaca,tinjaca,14431959.600000001
BOYACA,TIPACOQUE,3567,144319596,1,NO,boyaca,tipacoque,14431959.600000001
BOYACA,TOCA,7786,144319596,1,NO,boyaca,toca,14431959.600000001
BOYACA,TOGUI,4451,144319596,1,NO,boyaca,togui,14431959.600000001
BOYACA,TOPAGA,3420,144319596,1,NO,boyaca,topaga,14431959.600000001
BOYACA,TOTA,4354,144319596,1,NO,boyaca,tota,14431959.600000001
BOYACA,TUNJA,135326,1647076017,1,SI,boyaca,tunja,164707601.70000002
BOYACA,TUNUNGUA,1502,144319596,1,NO,boyaca,tunungua,14431959.600000001
BOYACA,TURMEQUE,5761,144319596,1,NO,boyaca,turmeque,14431959.600000001
BOYACA,TUTA,8350,144319596,1,NO,boyaca,tuta,14431959.600000001
BOYACA,TUTAZA,2035,144319596,1,NO,boyaca,tutaza,14431959.600000001
BOYACA,UMBITA,5843,144319596,1,NO,boyaca,umbita,14431959.600000001
BOYACA,VENTAQUEMADA,11832,144319596,1,NO,boyaca,ventaquemada,14431959.600000001
BOYACA,VILLA DE LEIVA,13320,144319596,1,NO,boyaca,villa de leiva,14431959.600000001
BOYACA,VIRACACHA,2525,144319596,1,NO,boyaca,viracacha,14431959.600000001
BOYACA,ZETAQUIRA,4533,144319596,1,NO,boyaca,zetaquira,14431959.600000001
CALDAS,AGUADAS,19272,144319596,1,NO,caldas,aguadas,14431959.600000001
CALDAS,ANSERMA,29146,274894466,1,SI,caldas,anserma,27489446.6
CALDAS,ARANZAZU,11426,144319596,1,NO,caldas,aranzazu,14431959.600000001
CALDAS,BELALCAZAR,10456,144319596,1,NO,caldas,belalcazar,14431959.600000001
CALDAS,CHINCHINA,47419,274894466,1,SI,caldas,chinchina,27489446.6
CALDAS,FILADELFIA,9516,144319596,1,NO,caldas,filadelfia,14431959.600000001
CALDAS,LA DORADA,58302,824683400,1,SI,caldas,la dorada,82468340.0
CALDAS,LA MERCED,5712,144319596,1,NO,caldas,la merced,14431959.600000001
CALDAS,MANIZALES,344549,1862410015,1,SI,caldas,manizales,186241001.5
CALDAS,MANZANARES,15771,144319596,1,NO,caldas,manzanares,14431959.600000001
CALDAS,MARMATO,7480,144319596,1,NO,caldas,marmato,14431959.600000001
CALDAS,MARQUETALIA,12152,144319596,1,NO,caldas,marquetalia,14431959.600000001
CALDAS,MARULANDA,2423,144319596,1,NO,caldas,marulanda,14431959.600000001
CALDAS,NEIRA,20112,144319596,1,NO,caldas,neira,14431959.600000001
CALDAS,NORCASIA,6852,144319596,1,NO,caldas,norcasia,14431959.600000001
CALDAS,PACORA,12164,144319596,1,NO,caldas,pacora,14431959.600000001
CALDAS,PALESTINA,15362,144319596,1,NO,caldas,palestina,14431959.600000001
CALDAS,PENSILVANIA,16700,144319596,1,NO,caldas,pensilvania,14431959.600000001
CALDAS,RIOSUCIO,40817,274894466,1,SI,caldas,riosucio,27489446.6
CALDAS,RISARALDA,10761,144319596,1,NO,caldas,risaralda,14431959.600000001
CALDAS,SALAMINA,15083,144319596,1,NO,caldas,salamina,14431959.600000001
CALDAS,SAMANA,16285,144319596,1,NO,caldas,samana,14431959.600000001
CALDAS,SAN JOSE,5000,144319596,1,NO,caldas,san jose,14431959.600000001
CALDAS,SUPIA,23710,144319596,1,NO,caldas,supia,14431959.600000001
CALDAS,VICTORIA,8605,144319596,1,NO,caldas,victoria,14431959.600000001
CALDAS,VILLAMARIA,45600,274894466,1,SI,caldas,villamaria,27489446.6
CALDAS,VITERBO,13503,144319596,1,NO,caldas,viterbo,14431959.600000001
CAQUETA,ALBANIA,4409,144319596,1,NO,caqueta,albania,14431959.600000001
CAQUETA,BELEN DE LOS ANDAQUIES,8464,144319596,1,NO,caqueta,belen de los andaquies,14431959.600000001
CAQUETA,CARTAGENA DEL CHAIRA,22387,144319596,1,NO,caqueta,cartagena del chaira,14431959.600000001
CAQUETA,CURILLO,7960,144319596,1,NO,caqueta,curillo,14431959.600000001
CAQUETA,EL DONCELLO,16567,144319596,1,NO,caqueta,el doncello,14431959.600000001
CAQUETA,EL PAUJIL,12237,144319596,1,NO,caqueta,el paujil,14431959.600000001
CAQUETA,FLORENCIA,132102,1647076017,1,SI,caqueta,florencia,164707601.70000002
CAQUETA,LA MONTAÑITA,13001,144319596,1,NO,caqueta,la montanita,14431959.600000001
CAQUETA,MILAN,6757,144319596,1,NO,caqueta,milan,14431959.600000001
CAQUETA,MORELIA,4249,144319596,1,NO,caqueta,morelia,14431959.600000001
CAQUETA,PUERTO RICO,20230,144319596,1,NO,caqueta,puerto rico,14431959.600000001
CAQUETA,SAN JOSE DEL FRAGUA,10610,144319596,1,NO,caqueta,san jose del fragua,14431959.600000001
CAQUETA,SAN VICENTE DEL CAGUAN,39079,274894466,1,SI,caqueta,san vicente del caguan,27489446.6
CAQUETA,SOLANO,8805,144319596,1,NO,caqueta,solano,14431959.600000001
CAQUETA,SOLITA,6211,144319596,1,NO,caqueta,solita,14431959.600000001
CAQUETA,VALPARAISO,6109,144319596,1,NO,caqueta,valparaiso,14431959.600000001
CASANARE,AGUAZUL,29652,274894466,1,SI,casanare,aguazul,27489446.6
CASANARE,CHAMEZA,1898,144319596,1,NO,casanare,chameza,14431959.600000001
CASANARE,HATO COROZAL,7622,144319596,1,NO,casanare,hato corozal,14431959.600000001
CASANARE,LA SALINA,936,144319596,1,NO,casanare,la salina,14431959.600000001
CASANARE,MANI,11583,144319596,1,NO,casanare,mani,14431959.600000001
CASANARE,MONTERREY,12501,144319596,1,NO,casanare,monterrey,14431959.600000001
CASANARE,NUNCHIA,6555,144319596,1,NO,casanare,nunchia,14431959.600000001
CASANARE,OROCUE,8588,144319596,1,NO,casanare,orocue,14431959.600000001
CASANARE,PAZ DE ARIPORO (MORENO),27182,274894466,1,SI,casanare,paz de ariporo (moreno),27489446.6
CASANARE,PORE,8294,144319596,1,NO,casanare,pore,14431959.600000001
CASANARE,RECETOR,1218,144319596,1,NO,casanare,recetor,14431959.600000001
CASANARE,SABANALARGA,2754,144319596,1,NO,casanare,sabanalarga,14431959.600000001
CASANARE,SACAMA,1737,144319596,1,NO,casanare,sacama,14431959.600000001
CASANARE,SAN LUIS DE PALENQUE,6446,144319596,1,NO,casanare,san luis de palenque,14431959.600000001
CASANARE,TAMARA,4647,144319596,1,NO,casanare,tamara,14431959.600000001
CASANARE,TAURAMENA,19578,144319596,1,NO,casanare,tauramena,14431959.600000001
CASANARE,TRINIDAD,9969,144319596,1,NO,casanare,trinidad,14431959.600000001
CASANARE,VILLANUEVA,26922,274894466,1,SI,casanare,villanueva,27489446.6
CASANARE,YOPAL,126215,1647076017,1,SI,casanare,yopal,164707601.70000002
CAUCA,ALMAGUER,13020,144319596,1,NO,cauca,almaguer,14431959.600000001
CAUCA,ARGELIA,22204,144319596,1,NO,cauca,argelia,14431959.600000001
CAUCA,BALBOA,16923,144319596,1,NO,cauca,balboa,14431959.600000001
CAUCA,BOLIVAR,30680,274894466,1,SI,cauca,bolivar,27489446.6
CAUCA,BUENOS AIRES,17827,144319596,1,NO,cauca,buenos aires,14431959.600000001
CAUCA,CAJIBIO,26218,274894466,1,SI,cauca,cajibio,27489446.6
CAUCA,CALDONO,25028,274894466,1,SI,cauca,caldono,27489446.6
CAUCA,CALOTO,20630,144319596,1,NO,cauca,caloto,14431959.600000001
CAUCA,CORINTO,19159,144319596,1,NO,cauca,corinto,14431959.600000001
CAUCA,EL TAMBO,36869,274894466,1,SI,cauca,el tambo,27489446.6
CAUCA,FLORENCIA,4989,144319596,1,NO,cauca,florencia,14431959.600000001
CAUCA,GUACHENE,14630,144319596,1,NO,cauca,guachene,14431959.600000001
CAUCA,GUAPI,19266,144319596,1,NO,cauca,guapi,14431959.600000001
CAUCA,INZA,18561,144319596,1,NO,cauca,inza,14431959.600000001
CAUCA,JAMBALO,9895,144319596,1,NO,cauca,jambalo,14431959.600000001
CAUCA,LA SIERRA,9286,144319596,1,NO,cauca,la sierra,14431959.600000001
CAUCA,LA VEGA,15363,144319596,1,NO,cauca,la vega,14431959.600000001
CAUCA,LOPEZ (MICAY),13918,144319596,1,NO,cauca,lopez (micay),14431959.600000001
CAUCA,MERCADERES,14317,144319596,1,NO,cauca,mercaderes,14431959.600000001
CAUCA,MIRANDA,21806,144319596,1,NO,cauca,miranda,14431959.600000001
CAUCA,MORALES,21930,144319596,1,NO,cauca,morales,14431959.600000001
CAUCA,PADILLA,7315,144319596,1,NO,cauca,padilla,14431959.600000001
CAUCA,PAEZ (BELALCAZAR),21861,144319596,1,NO,cauca,paez (belalcazar),14431959.600000001
CAUCA,PATIA (EL BORDO),28005,274894466,1,SI,cauca,patia (el bordo),27489446.6
CAUCA,PIAMONTE,6432,144319596,1,NO,cauca,piamonte,14431959.600000001
CAUCA,PIENDAMO,31329,274894466,1,SI,cauca,piendamo,27489446.6
CAUCA,POPAYAN,260514,1862410015,1,SI,cauca,popayan,186241001.5
CAUCA,PUERTO TEJADA,34923,274894466,1,SI,cauca,puerto tejada,27489446.6
CAUCA,PURACE (COCONUCO),9732,144319596,1,NO,cauca,purace (coconuco),14431959.600000001
CAUCA,ROSAS,8981,144319596,1,NO,cauca,rosas,14431959.600000001
CAUCA,SAN SEBASTIAN,7141,144319596,1,NO,cauca,san sebastian,14431959.600000001
CAUCA,SANTA ROSA,3993,144319596,1,NO,cauca,santa rosa,14431959.600000001
CAUCA,SANTANDER DE QUILICHAO,84090,824683400,1,SI,cauca,santander de quilichao,82468340.0
CAUCA,SILVIA,24275,144319596,1,NO,cauca,silvia,14431959.600000001
CAUCA,SOTARA (PAISPAMBA),7371,144319596,1,NO,cauca,sotara (paispamba),14431959.600000001
CAUCA,SUAREZ,18178,144319596,1,NO,cauca,suarez,14431959.600000001
CAUCA,SUCRE,6112,144319596,1,NO,cauca,sucre,14431959.600000001
CAUCA,TIMBIO,28229,274894466,1,SI,cauca,timbio,27489446.6
CAUCA,TIMBIQUI,15955,144319596,1,NO,cauca,timbiqui,14431959.600000001
CAUCA,TORIBIO,20747,144319596,1,NO,cauca,toribio,14431959.600000001
CAUCA,TOTORO,12759,144319596,1,NO,cauca,totoro,14431959.600000001
CAUCA,VILLA RICA,15438,144319596,1,NO,cauca,villa rica,14431959.600000001
CESAR,AGUACHICA,76228,824683400,1,SI,cesar,aguachica,82468340.0
CESAR,AGUSTIN CODAZZI,52635,824683400,1,SI,cesar,agustin codazzi,82468340.0
CESAR,ASTREA,16621,144319596,1,NO,cesar,astrea,14431959.600000001
CESAR,BECERRIL,18176,144319596,1,NO,cesar,becerril,14431959.600000001
CESAR,BOSCONIA,32401,274894466,1,SI,cesar,bosconia,27489446.6
CESAR,CHIMICHAGUA,25645,274894466,1,SI,cesar,chimichagua,27489446.6
CESAR,CHIRIGUANA,24590,144319596,1,NO,cesar,chiriguana,14431959.600000001
CESAR,CURUMANI,30562,274894466,1,SI,cesar,curumani,27489446.6
CESAR,EL COPEY,25713,274894466,1,SI,cesar,el copey,27489446.6
CESAR,EL PASO,26698,274894466,1,SI,cesar,el paso,27489446.6
CESAR,GAMARRA,11388,144319596,1,NO,cesar,gamarra,14431959.600000001
CESAR,GONZALEZ,4930,144319596,1,NO,cesar,gonzalez,14431959.600000001
CESAR,LA GLORIA,11493,144319596,1,NO,cesar,la gloria,14431959.600000001
CESAR,LA JAGUA DE IBIRICO,31828,274894466,1,SI,cesar,la jagua de ibirico,27489446.6
CESAR,LA PAZ,23427,144319596,1,NO,cesar,la paz,14431959.600000001
CESAR,MANAURE BALCON DEL CESAR (MANA,9049,144319596,1,NO,cesar,manaure balcon del cesar (mana,14431959.600000001
CESAR,PAILITAS,16285,144319596,1,NO,cesar,pailitas,14431959.600000001
CESAR,PELAYA,16566,144319596,1,NO,cesar,pelaya,14431959.600000001
CESAR,PUEBLO BELLO,22152,144319596,1,NO,cesar,pueblo bello,14431959.600000001
CESAR,RIO DE ORO,17760,144319596,1,NO,cesar,rio de oro,14431959.600000001
CESAR,SAN ALBERTO,20232,144319596,1,NO,cesar,san alberto,14431959.600000001
CESAR,SAN DIEGO,16248,144319596,1,NO,cesar,san diego,14431959.600000001
CESAR,SAN MARTIN,18985,144319596,1,NO,cesar,san martin,14431959.600000001
CESAR,TAMALAMEQUE,11210,144319596,1,NO,cesar,tamalameque,14431959.600000001
CESAR,VALLEDUPAR,338408,1862410015,1,SI,cesar,valledupar,186241001.5
CHOCO,ACANDI,10311,144319596,1,NO,choco,acandi,14431959.600000001
CHOCO,ALTO BAUDO (PIE DE PATO),10995,144319596,1,NO,choco,alto baudo (pie de pato),14431959.600000001
CHOCO,ATRATO (YUTO),8312,144319596,1,NO,choco,atrato (yuto),14431959.600000001
CHOCO,BAGADO,8282,144319596,1,NO,choco,bagado,14431959.600000001
CHOCO,BAHIA SOLANO (MUTIS),8634,144319596,1,NO,choco,bahia solano (mutis),14431959.600000001
CHOCO,BAJO BAUDO (PIZARRO),12185,144319596,1,NO,choco,bajo baudo (pizarro),14431959.600000001
CHOCO,BOJAYA (BELLAVISTA),8166,144319596,1,NO,choco,bojaya (bellavista),14431959.600000001
CHOCO,CARMEN DEL DARIEN,7509,144319596,1,NO,choco,carmen del darien,14431959.600000001
CHOCO,CERTEGUI,5021,144319596,1,NO,choco,certegui,14431959.600000001
CHOCO,CONDOTO,11224,144319596,1,NO,choco,condoto,14431959.600000001
CHOCO,EL CANTON DEL SAN PABLO (MAN.,5434,144319596,1,NO,choco,el canton del san pablo (man.,14431959.600000001
CHOCO,EL CARMEN,7016,144319596,1,NO,choco,el carmen,14431959.600000001
CHOCO,EL LITORAL DEL SAN JUAN,8552,144319596,1,NO,choco,el litoral del san juan,14431959.600000001
CHOCO,ISTMINA,23358,144319596,1,NO,choco,istmina,14431959.600000001
CHOCO,JURADO,3896,144319596,1,NO,choco,jurado,14431959.600000001
CHOCO,LLORO,9023,144319596,1,NO,choco,lloro,14431959.600000001
CHOCO,MEDIO ATRATO (BETE),6807,144319596,1,NO,choco,medio atrato (bete),14431959.600000001
CHOCO,MEDIO BAUDO (PUERTO MELUK),9271,144319596,1,NO,choco,medio baudo (puerto meluk),14431959.600000001
CHOCO,MEDIO SAN JUAN,7718,144319596,1,NO,choco,medio san juan,14431959.600000001
CHOCO,NOVITA,5850,144319596,1,NO,choco,novita,14431959.600000001
CHOCO,NUQUI,6862,144319596,1,NO,choco,nuqui,14431959.600000001
CHOCO,QUIBDO,89847,824683400,1,SI,choco,quibdo,82468340.0
CHOCO,RIO IRO,4544,144319596,1,NO,choco,rio iro,14431959.600000001
CHOCO,RIO QUITO (PAIMADO),6935,144319596,1,NO,choco,rio quito (paimado),14431959.600000001
CHOCO,RIOSUCIO,21885,144319596,1,NO,choco,riosucio,14431959.600000001
CHOCO,SAN JOSE DEL PALMAR,4379,144319596,1,NO,choco,san jose del palmar,14431959.600000001
CHOCO,SIPI,2931,144319596,1,NO,choco,sipi,14431959.600000001
CHOCO,TADO,14426,144319596,1,NO,choco,tado,14431959.600000001
CHOCO,UNGUIA,9597,144319596,1,NO,choco,unguia,14431959.600000001
CHOCO,UNION PANAMERICANA (LAS ANIMAS,5783,144319596,1,NO,choco,union panamericana (las animas,14431959.600000001
CORDOBA,AYAPEL,35441,274894466,1,SI,cordoba,ayapel,27489446.6
CORDOBA,BUENAVISTA,18786,144319596,1,NO,cordoba,buenavista,14431959.600000001
CORDOBA,CANALETE,17870,144319596,1,NO,cordoba,canalete,14431959.600000001
CORDOBA,CERETE,78108,824683400,1,SI,cordoba,cerete,82468340.0
CORDOBA,CHIMA,13352,144319596,1,NO,cordoba,chima,14431959.600000001
CORDOBA,CHINU,39889,274894466,1,SI,cordoba,chinu,27489446.6
CORDOBA,CIENAGA DE ORO,47743,274894466,1,SI,cordoba,cienaga de oro,27489446.6
CORDOBA,COTORRA (BONGO),16278,144319596,1,NO,cordoba,cotorra (bongo),14431959.600000001
CORDOBA,LA APARTADA (FRONTERA),12952,144319596,1,NO,cordoba,la apartada (frontera),14431959.600000001
CORDOBA,LORICA,92420,824683400,1,SI,cordoba,lorica,82468340.0
CORDOBA,LOS CORDOBAS,16468,144319596,1,NO,cordoba,los cordobas,14431959.600000001
CORDOBA,MOMIL,15214,144319596,1,NO,cordoba,momil,14431959.600000001
CORDOBA,MONTELIBANO,61739,824683400,1,SI,cordoba,montelibano,82468340.0
CORDOBA,MONTERIA,356785,1862410015,1,SI,cordoba,monteria,186241001.5
CORDOBA,MOÑITOS,21467,144319596,1,NO,cordoba,monitos,14431959.600000001
CORDOBA,PLANETA RICA,57006,824683400,1,SI,cordoba,planeta rica,82468340.0
CORDOBA,PUEBLO NUEVO,27293,274894466,1,SI,cordoba,pueblo nuevo,27489446.6
CORDOBA,PUERTO ESCONDIDO,20045,144319596,1,NO,cordoba,puerto escondido,14431959.600000001
CORDOBA,PUERTO LIBERTADOR,30970,274894466,1,SI,cordoba,puerto libertador,27489446.6
CORDOBA,PURISIMA,14752,144319596,1,NO,cordoba,purisima,14431959.600000001
CORDOBA,SAHAGUN,84411,824683400,1,SI,cordoba,sahagun,82468340.0
CORDOBA,SAN ANDRES DE SOTAVENTO,31428,274894466,1,SI,cordoba,san andres de sotavento,27489446.6
CORDOBA,SAN ANTERO,24277,144319596,1,NO,cordoba,san antero,14431959.600000001
CORDOBA,SAN BERNARDO DEL VIENTO,28948,274894466,1,SI,cordoba,san bernardo del viento,27489446.6
CORDOBA,SAN CARLOS,21541,144319596,1,NO,cordoba,san carlos,14431959.600000001
CORDOBA,SAN JOSE DE URE,8046,144319596,1,NO,cordoba,san jose de ure,14431959.600000001
CORDOBA,SAN PELAYO,38397,274894466,1,SI,cordoba,san pelayo,27489446.6
CORDOBA,TIERRALTA,70334,824683400,1,SI,cordoba,tierralta,82468340.0
CORDOBA,TUCHIN,26568,274894466,1,SI,cordoba,tuchin,27489446.6
CORDOBA,VALENCIA,28365,274894466,1,SI,cordoba,valencia,27489446.6
CUNDINAMARCA,AGUA DE DIOS,10092,144319596,1,NO,cundinamarca,agua de dios,14431959.600000001
CUNDINAMARCA,ALBAN,5407,144319596,1,NO,cundinamarca,alban,14431959.600000001
CUNDINAMARCA,ANAPOIMA,13019,144319596,1,NO,cundinamarca,anapoima,14431959.600000001
CUNDINAMARCA,ANOLAIMA,12185,144319596,1,NO,cundinamarca,anolaima,14431959.600000001
CUNDINAMARCA,APULO,7341,144319596,1,NO,cundinamarca,apulo,14431959.600000001
CUNDINAMARCA,ARBELAEZ,9760,144319596,1,NO,cundinamarca,arbelaez,14431959.600000001
CUNDINAMARCA,BELTRAN,2327,144319596,1,NO,cundinamarca,beltran,14431959.600000001
CUNDINAMARCA,BITUIMA,2959,144319596,1,NO,cundinamarca,bituima,14431959.600000001
CUNDINAMARCA,BOJACA,7149,144319596,1,NO,cundinamarca,bojaca,14431959.600000001
CUNDINAMARCA,CABRERA,3744,144319596,1,NO,cundinamarca,cabrera,14431959.600000001
CUNDINAMARCA,CACHIPAY,9900,144319596,1,NO,cundinamarca,cachipay,14431959.600000001
CUNDINAMARCA,CAJICA,60003,824683400,1,SI,cundinamarca,cajica,82468340.0
CUNDINAMARCA,CAPARRAPI,10804,144319596,1,NO,cundinamarca,caparrapi,14431959.600000001
CUNDINAMARCA,CAQUEZA,15058,144319596,1,NO,cundinamarca,caqueza,14431959.600000001
CUNDINAMARCA,CARMEN DE CARUPA,6354,144319596,1,NO,cundinamarca,carmen de carupa,14431959.600000001
CUNDINAMARCA,CHAGUANI,4042,144319596,1,NO,cundinamarca,chaguani,14431959.600000001
CUNDINAMARCA,CHIA,112342,1647076017,1,SI,cundinamarca,chia,164707601.70000002
CUNDINAMARCA,CHIPAQUE,8281,144319596,1,NO,cundinamarca,chipaque,14431959.600000001
CUNDINAMARCA,CHOACHI,11896,144319596,1,NO,cundinamarca,choachi,14431959.600000001
CUNDINAMARCA,CHOCONTA,16461,144319596,1,NO,cundinamarca,choconta,14431959.600000001
CUNDINAMARCA,COGUA,16165,144319596,1,NO,cundinamarca,cogua,14431959.600000001
CUNDINAMARCA,COTA,29752,274894466,1,SI,cundinamarca,cota,27489446.6
CUNDINAMARCA,CUCUNUBA,5186,144319596,1,NO,cundinamarca,cucunuba,14431959.600000001
CUNDINAMARCA,EL COLEGIO,23088,144319596,1,NO,cundinamarca,el colegio,14431959.600000001
CUNDINAMARCA,EL PEÑON,4609,144319596,1,NO,cundinamarca,el penon,14431959.600000001
CUNDINAMARCA,EL ROSAL,19169,144319596,1,NO,cundinamarca,el rosal,14431959.600000001
CUNDINAMARCA,FACATATIVA,100990,1647076017,1,SI,cundinamarca,facatativa,164707601.70000002
CUNDINAMARCA,FOMEQUE,9977,144319596,1,NO,cundinamarca,fomeque,14431959.600000001
CUNDINAMARCA,FOSCA,5641,144319596,1,NO,cundinamarca,fosca,14431959.600000001
CUNDINAMARCA,FUNZA,77048,824683400,1,SI,cundinamarca,funza,82468340.0
CUNDINAMARCA,FUQUENE,4194,144319596,1,NO,cundinamarca,fuquene,14431959.600000001
CUNDINAMARCA,FUSAGASUGA,115411,1647076017,1,SI,cundinamarca,fusagasuga,164707601.70000002
CUNDINAMARCA,GACHALA,5330,144319596,1,NO,cundinamarca,gachala,14431959.600000001
CUNDINAMARCA,GACHANCIPA,12084,144319596,1,NO,cundinamarca,gachancipa,14431959.600000001
CUNDINAMARCA,GACHETA,9158,144319596,1,NO,cundinamarca,gacheta,14431959.600000001
CUNDINAMARCA,GAMA,3207,144319596,1,NO,cundinamarca,gama,14431959.600000001
CUNDINAMARCA,GIRARDOT,87503,824683400,1,SI,cundinamarca,girardot,82468340.0
CUNDINAMARCA,GRANADA,6560,144319596,1,NO,cundinamarca,granada,14431959.600000001
CUNDINAMARCA,GUACHETA,9266,144319596,1,NO,cundinamarca,guacheta,14431959.600000001
CUNDINAMARCA,GUADUAS,22863,144319596,1,NO,cundinamarca,guaduas,14431959.600000001
CUNDINAMARCA,GUASCA,12092,144319596,1,NO,cundinamarca,guasca,14431959.600000001
CUNDINAMARCA,GUATAQUI,2756,144319596,1,NO,cundinamarca,guataqui,14431959.600000001
CUNDINAMARCA,GUATAVITA,5573,144319596,1,NO,cundinamarca,guatavita,14431959.600000001
CUNDINAMARCA,GUAYABAL DE SIQUIMA,4302,144319596,1,NO,cundinamarca,guayabal de siquima,14431959.600000001
CUNDINAMARCA,GUAYABETAL,4846,144319596,1,NO,cundinamarca,guayabetal,14431959.600000001
CUNDINAMARCA,GUTIERREZ,2836,144319596,1,NO,cundinamarca,gutierrez,14431959.600000001
CUNDINAMARCA,JERUSALEN,2768,144319596,1,NO,cundinamarca,jerusalen,14431959.600000001
CUNDINAMARCA,JUNIN,5408,144319596,1,NO,cundinamarca,junin,14431959.600000001
CUNDINAMARCA,LA CALERA,24896,144319596,1,NO,cundinamarca,la calera,14431959.600000001
CUNDINAMARCA,LA MESA,27017,274894466,1,SI,cundinamarca,la mesa,27489446.6
CUNDINAMARCA,LA PALMA,8695,144319596,1,NO,cundinamarca,la palma,14431959.600000001
CUNDINAMARCA,LA PEÑA,6146,144319596,1,NO,cundinamarca,la pena,14431959.600000001
CUNDINAMARCA,LA VEGA,14215,144319596,1,NO,cundinamarca,la vega,14431959.600000001
CUNDINAMARCA,LENGUAZAQUE,7251,144319596,1,NO,cundinamarca,lenguazaque,14431959.600000001
CUNDINAMARCA,MACHETA,6607,144319596,1,NO,cundinamarca,macheta,14431959.600000001
CUNDINAMARCA,MADRID,80231,824683400,1,SI,cundinamarca,madrid,82468340.0
CUNDINAMARCA,MANTA,4209,144319596,1,NO,cundinamarca,manta,14431959.600000001
CUNDINAMARCA,MEDINA,6959,144319596,1,NO,cundinamarca,medina,14431959.600000001
CUNDINAMARCA,MOSQUERA,88879,824683400,1,SI,cundinamarca,mosquera,82468340.0
CUNDINAMARCA,NARIÑO,2885,144319596,1,NO,cundinamarca,narino,14431959.600000001
CUNDINAMARCA,NEMOCON,11001,144319596,1,NO,cundinamarca,nemocon,14431959.600000001
CUNDINAMARCA,NILO,6594,144319596,1,NO,cundinamarca,nilo,14431959.600000001
CUNDINAMARCA,NIMAIMA,3370,144319596,1,NO,cundinamarca,nimaima,14431959.600000001
CUNDINAMARCA,NOCAIMA,5413,144319596,1,NO,cundinamarca,nocaima,14431959.600000001
CUNDINAMARCA,PACHO,23075,144319596,1,NO,cundinamarca,pacho,14431959.600000001
CUNDINAMARCA,PAIME,4990,144319596,1,NO,cundinamarca,paime,14431959.600000001
CUNDINAMARCA,PANDI,4333,144319596,1,NO,cundinamarca,pandi,14431959.600000001
CUNDINAMARCA,PARATEBUENO (LA NAGUAYA),7681,144319596,1,NO,cundinamarca,paratebueno (la naguaya),14431959.600000001
CUNDINAMARCA,PASCA,8435,144319596,1,NO,cundinamarca,pasca,14431959.600000001
CUNDINAMARCA,PUERTO SALGAR,13504,144319596,1,NO,cundinamarca,puerto salgar,14431959.600000001
CUNDINAMARCA,PULI,2848,144319596,1,NO,cundinamarca,puli,14431959.600000001
CUNDINAMARCA,QUEBRADANEGRA,4269,144319596,1,NO,cundinamarca,quebradanegra,14431959.600000001
CUNDINAMARCA,QUETAME,5903,144319596,1,NO,cundinamarca,quetame,14431959.600000001
CUNDINAMARCA,QUIPILE,6168,144319596,1,NO,cundinamarca,quipile,14431959.600000001
CUNDINAMARCA,RICAURTE,12051,144319596,1,NO,cundinamarca,ricaurte,14431959.600000001
CUNDINAMARCA,SAN ANTONIO DEL TEQUENDAMA,9248,144319596,1,NO,cundinamarca,san antonio del tequendama,14431959.600000001
CUNDINAMARCA,SAN BERNARDO,8003,144319596,1,NO,cundinamarca,san bernardo,14431959.600000001
CUNDINAMARCA,SAN CAYETANO,4507,144319596,1,NO,cundinamarca,san cayetano,14431959.600000001
CUNDINAMARCA,SAN FRANCISCO,9470,144319596,1,NO,cundinamarca,san francisco,14431959.600000001
CUNDINAMARCA,SAN JUAN DE RIOSECO,9342,144319596,1,NO,cundinamarca,san juan de rioseco,14431959.600000001
CUNDINAMARCA,SASAIMA,9459,144319596,1,NO,cundinamarca,sasaima,14431959.600000001
CUNDINAMARCA,SESQUILE,9358,144319596,1,NO,cundinamarca,sesquile,14431959.600000001
CUNDINAMARCA,SIBATE,27572,274894466,1,SI,cundinamarca,sibate,27489446.6
CUNDINAMARCA,SILVANIA,19369,144319596,1,NO,cundinamarca,silvania,14431959.600000001
CUNDINAMARCA,SIMIJACA,10012,144319596,1,NO,cundinamarca,simijaca,14431959.600000001
CUNDINAMARCA,SOACHA,312227,1862410015,1,SI,cundinamarca,soacha,186241001.5
CUNDINAMARCA,SOPO,20275,144319596,1,NO,cundinamarca,sopo,14431959.600000001
CUNDINAMARCA,SUBACHOQUE,12963,144319596,1,NO,cundinamarca,subachoque,14431959.600000001
CUNDINAMARCA,SUESCA,11565,144319596,1,NO,cundinamarca,suesca,14431959.600000001
CUNDINAMARCA,SUPATA,4643,144319596,1,NO,cundinamarca,supata,14431959.600000001
CUNDINAMARCA,SUSA,5446,144319596,1,NO,cundinamarca,susa,14431959.600000001
CUNDINAMARCA,SUTATAUSA,4096,144319596,1,NO,cundinamarca,sutatausa,14431959.600000001
CUNDINAMARCA,TABIO,18204,144319596,1,NO,cundinamarca,tabio,14431959.600000001
CUNDINAMARCA,TAUSA,6173,144319596,1,NO,cundinamarca,tausa,14431959.600000001
CUNDINAMARCA,TENA,7601,144319596,1,NO,cundinamarca,tena,14431959.600000001
CUNDINAMARCA,TENJO,17793,144319596,1,NO,cundinamarca,tenjo,14431959.600000001
CUNDINAMARCA,TIBACUY,4382,144319596,1,NO,cundinamarca,tibacuy,14431959.600000001
CUNDINAMARCA,TIBIRITA,3058,144319596,1,NO,cundinamarca,tibirita,14431959.600000001
CUNDINAMARCA,TOCAIMA,13549,144319596,1,NO,cundinamarca,tocaima,14431959.600000001
CUNDINAMARCA,TOCANCIPA,34231,274894466,1,SI,cundinamarca,tocancipa,27489446.6
CUNDINAMARCA,TOPAIPI,4457,144319596,1,NO,cundinamarca,topaipi,14431959.600000001
CUNDINAMARCA,UBALA,8603,144319596,1,NO,cundinamarca,ubala,14431959.600000001
CUNDINAMARCA,UBAQUE,6143,144319596,1,NO,cundinamarca,ubaque,14431959.600000001
CUNDINAMARCA,UBATE,35865,274894466,1,SI,cundinamarca,ubate,27489446.6
CUNDINAMARCA,UNE,6804,144319596,1,NO,cundinamarca,une,14431959.600000001
CUNDINAMARCA,UTICA,5034,144319596,1,NO,cundinamarca,utica,14431959.600000001
CUNDINAMARCA,VENECIA,3901,144319596,1,NO,cundinamarca,venecia,14431959.600000001
CUNDINAMARCA,VERGARA,7232,144319596,1,NO,cundinamarca,vergara,14431959.600000001
CUNDINAMARCA,VIANI,4119,144319596,1,NO,cundinamarca,viani,14431959.600000001
CUNDINAMARCA,VILLAGOMEZ,2254,144319596,1,NO,cundinamarca,villagomez,14431959.600000001
CUNDINAMARCA,VILLAPINZON,14149,144319596,1,NO,cundinamarca,villapinzon,14431959.600000001
CUNDINAMARCA,VILLETA,24606,144319596,1,NO,cundinamarca,villeta,14431959.600000001
CUNDINAMARCA,VIOTA,11520,144319596,1,NO,cundinamarca,viota,14431959.600000001
CUNDINAMARCA,YACOPI,11038,144319596,1,NO,cundinamarca,yacopi,14431959.600000001
CUNDINAMARCA,ZIPACON,4360,144319596,1,NO,cundinamarca,zipacon,14431959.600000001
CUNDINAMARCA,ZIPAQUIRA,102982,1647076017,1,SI,cundinamarca,zipaquira,164707601.70000002
GUAINIA,BARRANCOMINAS,4820,144319596,1,NO,guainia,barrancominas,14431959.600000001
GUAINIA,CACAHUAL,302,144319596,1,NO,guainia,cacahual,14431959.600000001
GUAINIA,INIRIDA,25930,274894466,1,SI,guainia,inirida,27489446.6
GUAINIA,LA GUADALUPE,194,144319596,1,NO,guainia,la guadalupe,14431959.600000001
GUAINIA,MORICHAL (MORICHAL NUEVO),210,144319596,1,NO,guainia,morichal (morichal nuevo),14431959.600000001
GUAINIA,PANA PANA (CAMPO ALEGRE),460,144319596,1,NO,guainia,pana pana (campo alegre),14431959.600000001
GUAINIA,PUERTO COLOMBIA,1242,144319596,1,NO,guainia,puerto colombia,14431959.600000001
GUAINIA,SAN FELIPE,845,144319596,1,NO,guainia,san felipe,14431959.600000001
GUAVIARE,CALAMAR,6772,144319596,1,NO,guaviare,calamar,14431959.600000001
GUAVIARE,EL RETORNO,9977,144319596,1,NO,guaviare,el retorno,14431959.600000001
GUAVIARE,MIRAFLORES,3951,144319596,1,NO,guaviare,miraflores,14431959.600000001
GUAVIARE,SAN JOSE DEL GUAVIARE,45654,274894466,1,SI,guaviare,san jose del guaviare,27489446.6
HUILA,ACEVEDO,22561,144319596,1,NO,huila,acevedo,14431959.600000001
HUILA,AGRADO,7998,144319596,1,NO,huila,agrado,14431959.600000001
HUILA,AIPE,16238,144319596,1,NO,huila,aipe,14431959.600000001
HUILA,ALGECIRAS,17660,144319596,1,NO,huila,algeciras,14431959.600000001
HUILA,ALTAMIRA,3546,144319596,1,NO,huila,altamira,14431959.600000001
HUILA,BARAYA,6478,144319596,1,NO,huila,baraya,14431959.600000001
HUILA,CAMPOALEGRE,26080,274894466,1,SI,huila,campoalegre,27489446.6
HUILA,COLOMBIA,6882,144319596,1,NO,huila,colombia,14431959.600000001
HUILA,ELIAS,3826,144319596,1,NO,huila,elias,14431959.600000001
HUILA,GARZON,58095,824683400,1,SI,huila,garzon,82468340.0
HUILA,GIGANTE,20388,144319596,1,NO,huila,gigante,14431959.600000001
HUILA,GUADALUPE,14333,144319596,1,NO,huila,guadalupe,14431959.600000001
HUILA,HOBO,6267,144319596,1,NO,huila,hobo,14431959.600000001
HUILA,IQUIRA,7856,144319596,1,NO,huila,iquira,14431959.600000001
HUILA,ISNOS,21706,144319596,1,NO,huila,isnos,14431959.600000001
HUILA,LA ARGENTINA (PLATA VIEJA),12665,144319596,1,NO,huila,la argentina (plata vieja),14431959.600000001
HUILA,LA PLATA,45199,274894466,1,SI,huila,la plata,27489446.6
HUILA,NATAGA,5397,144319596,1,NO,huila,nataga,14431959.600000001
HUILA,NEIVA,289434,1862410015,1,SI,huila,neiva,186241001.5
HUILA,OPORAPA,8704,144319596,1,NO,huila,oporapa,14431959.600000001
HUILA,PAICOL,5420,144319596,1,NO,huila,paicol,14431959.600000001
HUILA,PALERMO,21906,144319596,1,NO,huila,palermo,14431959.600000001
HUILA,PALESTINA,9973,144319596,1,NO,huila,palestina,14431959.600000001
HUILA,PITAL,10360,144319596,1,NO,huila,pital,14431959.600000001
HUILA,PITALITO,108187,1647076017,1,SI,huila,pitalito,164707601.70000002
HUILA,RIVERA,19049,144319596,1,NO,huila,rivera,14431959.600000001
HUILA,SALADOBLANCO,10397,144319596,1,NO,huila,saladoblanco,14431959.600000001
HUILA,SAN AGUSTIN,26700,274894466,1,SI,huila,san agustin,27489446.6
HUILA,SANTA MARIA,8845,144319596,1,NO,huila,santa maria,14431959.600000001
HUILA,SUAZA,15189,144319596,1,NO,huila,suaza,14431959.600000001
HUILA,TARQUI,12817,144319596,1,NO,huila,tarqui,14431959.600000001
HUILA,TELLO,11253,144319596,1,NO,huila,tello,14431959.600000001
HUILA,TERUEL,6959,144319596,1,NO,huila,teruel,14431959.600000001
HUILA,TESALIA (CARNICERIAS),8532,144319596,1,NO,huila,tesalia (carnicerias),14431959.600000001
HUILA,TIMANA,17177,144319596,1,NO,huila,timana,14431959.600000001
HUILA,VILLAVIEJA,6856,144319596,1,NO,huila,villavieja,14431959.600000001
HUILA,YAGUARA,7061,144319596,1,NO,huila,yaguara,14431959.600000001
LA GUAJIRA,ALBANIA,19467,144319596,1,NO,la guajira,albania,14431959.600000001
LA GUAJIRA,BARRANCAS,25742,274894466,1,SI,la guajira,barrancas,27489446.6
LA GUAJIRA,DIBULLA,23175,144319596,1,NO,la guajira,dibulla,14431959.600000001
LA GUAJIRA,DISTRACCION,10871,144319596,1,NO,la guajira,distraccion,14431959.600000001
LA GUAJIRA,EL MOLINO,8488,144319596,1,NO,la guajira,el molino,14431959.600000001
LA GUAJIRA,FONSECA,31490,274894466,1,SI,la guajira,fonseca,27489446.6
LA GUAJIRA,HATONUEVO,16019,144319596,1,NO,la guajira,hatonuevo,14431959.600000001
LA GUAJIRA,LA JAGUA DEL PILAR,4563,144319596,1,NO,la guajira,la jagua del pilar,14431959.600000001
LA GUAJIRA,MAICAO,137653,1647076017,1,SI,la guajira,maicao,164707601.70000002
LA GUAJIRA,MANAURE,59991,824683400,1,SI,la guajira,manaure,82468340.0
LA GUAJIRA,RIOHACHA,149779,1647076017,1,SI,la guajira,riohacha,164707601.70000002
LA GUAJIRA,SAN JUAN DEL CESAR,35899,274894466,1,SI,la guajira,san juan del cesar,27489446.6
LA GUAJIRA,URIBIA,119985,1647076017,1,SI,la guajira,uribia,164707601.70000002
LA GUAJIRA,URUMITA,9331,144319596,1,NO,la guajira,urumita,14431959.600000001
LA GUAJIRA,VILLANUEVA,20190,144319596,1,NO,la guajira,villanueva,14431959.600000001
MAGDALENA,ALGARROBO,10722,144319596,1,NO,magdalena,algarrobo,14431959.600000001
MAGDALENA,ARACATACA,30119,274894466,1,SI,magdalena,aracataca,27489446.6
MAGDALENA,ARIGUANI (EL DIFICIL),24093,144319596,1,NO,magdalena,ariguani (el dificil),14431959.600000001
MAGDALENA,CERRO DE SAN ANTONIO,9158,144319596,1,NO,magdalena,cerro de san antonio,14431959.600000001
MAGDALENA,CHIVOLO,15180,144319596,1,NO,magdalena,chivolo,14431959.600000001
MAGDALENA,CIENAGA,92024,824683400,1,SI,magdalena,cienaga,82468340.0
MAGDALENA,CONCORDIA,11898,144319596,1,NO,magdalena,concordia,14431959.600000001
MAGDALENA,EL BANCO,51661,824683400,1,SI,magdalena,el banco,82468340.0
MAGDALENA,EL PIÑON,14073,144319596,1,NO,magdalena,el pinon,14431959.600000001
MAGDALENA,EL RETEN,16301,144319596,1,NO,magdalena,el reten,14431959.600000001
MAGDALENA,FUNDACION,59404,824683400,1,SI,magdalena,fundacion,82468340.0
MAGDALENA,GUAMAL,24589,144319596,1,NO,magdalena,guamal,14431959.600000001
MAGDALENA,NUEVA GRANADA,16673,144319596,1,NO,magdalena,nueva granada,14431959.600000001
MAGDALENA,PEDRAZA,10440,144319596,1,NO,magdalena,pedraza,14431959.600000001
MAGDALENA,PIJIÑO DEL CARMEN,9662,144319596,1,NO,magdalena,pijino del carmen,14431959.600000001
MAGDALENA,PIVIJAY,31039,274894466,1,SI,magdalena,pivijay,27489446.6
MAGDALENA,PLATO,43231,274894466,1,SI,magdalena,plato,27489446.6
MAGDALENA,PUEBLOVIEJO,22234,144319596,1,NO,magdalena,puebloviejo,14431959.600000001
MAGDALENA,REMOLINO,7533,144319596,1,NO,magdalena,remolino,14431959.600000001
MAGDALENA,SABANAS DE SAN ANGEL,12397,144319596,1,NO,magdalena,sabanas de san angel,14431959.600000001
MAGDALENA,SALAMINA,8459,144319596,1,NO,magdalena,salamina,14431959.600000001
MAGDALENA,SAN SEBASTIAN DE BUENAVISTA,18060,144319596,1,NO,magdalena,san sebastian de buenavista,14431959.600000001
MAGDALENA,SAN ZENON,9358,144319596,1,NO,magdalena,san zenon,14431959.600000001
MAGDALENA,SANTA ANA,17370,144319596,1,NO,magdalena,santa ana,14431959.600000001
MAGDALENA,SANTA BARBARA DE PINTO,9317,144319596,1,NO,magdalena,santa barbara de pinto,14431959.600000001
MAGDALENA,SANTA MARTA,388296,1862410015,1,SI,magdalena,santa marta,186241001.5
MAGDALENA,SITIONUEVO,21471,144319596,1,NO,magdalena,sitionuevo,14431959.600000001
MAGDALENA,TENERIFE,11962,144319596,1,NO,magdalena,tenerife,14431959.600000001
MAGDALENA,ZAPAYAN,9055,144319596,1,NO,magdalena,zapayan,14431959.600000001
MAGDALENA,ZONA BANANERA (SEVILLA),49555,274894466,1,SI,magdalena,zona bananera (sevilla),27489446.6
META,ACACIAS,71398,824683400,1,SI,meta,acacias,82468340.0
META,BARRANCA DE UPIA,5509,144319596,1,NO,meta,barranca de upia,14431959.600000001
META,CABUYARO,5899,144319596,1,NO,meta,cabuyaro,14431959.600000001
META,CASTILLA LA NUEVA,13131,144319596,1,NO,meta,castilla la nueva,14431959.600000001
META,CUBARRAL,5768,144319596,1,NO,meta,cubarral,14431959.600000001
META,CUMARAL,19292,144319596,1,NO,meta,cumaral,14431959.600000001
META,EL CALVARIO,1622,144319596,1,NO,meta,el calvario,14431959.600000001
META,EL CASTILLO,6380,144319596,1,NO,meta,el castillo,14431959.600000001
META,EL DORADO,3784,144319596,1,NO,meta,el dorado,14431959.600000001
META,FUENTE DE ORO,9850,144319596,1,NO,meta,fuente de oro,14431959.600000001
META,GRANADA,57701,824683400,1,SI,meta,granada,82468340.0
META,GUAMAL,12808,144319596,1,NO,meta,guamal,14431959.600000001
META,LA MACARENA,10620,144319596,1,NO,meta,la macarena,14431959.600000001
META,LEJANIAS,8834,144319596,1,NO,meta,lejanias,14431959.600000001
META,MAPIRIPAN,5828,144319596,1,NO,meta,mapiripan,14431959.600000001
META,MESETAS,9375,144319596,1,NO,meta,mesetas,14431959.600000001
META,PUERTO CONCORDIA,7497,144319596,1,NO,meta,puerto concordia,14431959.600000001
META,PUERTO GAITAN,48703,274894466,1,SI,meta,puerto gaitan,27489446.6
META,PUERTO LLERAS,7336,144319596,1,NO,meta,puerto lleras,14431959.600000001
META,PUERTO LOPEZ,25445,274894466,1,SI,meta,puerto lopez,27489446.6
META,PUERTO RICO,9467,144319596,1,NO,meta,puerto rico,14431959.600000001
META,RESTREPO,18120,144319596,1,NO,meta,restrepo,14431959.600000001
META,SAN CARLOS DE GUAROA,9622,144319596,1,NO,meta,san carlos de guaroa,14431959.600000001
META,SAN JUAN DE ARAMA,6337,144319596,1,NO,meta,san juan de arama,14431959.600000001
META,SAN JUANITO,1389,144319596,1,NO,meta,san juanito,14431959.600000001
META,SAN MARTIN DE LOS LLANOS,19006,144319596,1,NO,meta,san martin de los llanos,14431959.600000001
META,URIBE,6499,144319596,1,NO,meta,uribe,14431959.600000001
META,VILLAVICENCIO,391398,1862410015,1,SI,meta,villavicencio,186241001.5
META,VISTA HERMOSA,14231,144319596,1,NO,meta,vista hermosa,14431959.600000001
NARIÑO,ALBAN (SAN JOSE),7299,144319596,1,NO,narino,alban (san jose),14431959.600000001
NARIÑO,ALDANA,6148,144319596,1,NO,narino,aldana,14431959.600000001
NARIÑO,ANCUYA,7270,144319596,1,NO,narino,ancuya,14431959.600000001
NARIÑO,ARBOLEDA (BERRUECOS),6036,144319596,1,NO,narino,arboleda (berruecos),14431959.600000001
NARIÑO,BARBACOAS,23289,144319596,1,NO,narino,barbacoas,14431959.600000001
NARIÑO,BELEN,5419,144319596,1,NO,narino,belen,14431959.600000001
NARIÑO,BUESACO,18637,144319596,1,NO,narino,buesaco,14431959.600000001
NARIÑO,CHACHAGUI,11219,144319596,1,NO,narino,chachagui,14431959.600000001
NARIÑO,COLON (GENOVA),7050,144319596,1,NO,narino,colon (genova),14431959.600000001
NARIÑO,CONSACA,8946,144319596,1,NO,narino,consaca,14431959.600000001
NARIÑO,CONTADERO,6123,144319596,1,NO,narino,contadero,14431959.600000001
NARIÑO,CORDOBA,11157,144319596,1,NO,narino,cordoba,14431959.600000001
NARIÑO,CUASPUD (CARLOSAMA),7971,144319596,1,NO,narino,cuaspud (carlosama),14431959.600000001
NARIÑO,CUMBAL,25901,274894466,1,SI,narino,cumbal,27489446.6
NARIÑO,CUMBITARA,6827,144319596,1,NO,narino,cumbitara,14431959.600000001
NARIÑO,EL CHARCO,18021,144319596,1,NO,narino,el charco,14431959.600000001
NARIÑO,EL PEÑOL,5922,144319596,1,NO,narino,el penol,14431959.600000001
NARIÑO,EL ROSARIO,7486,144319596,1,NO,narino,el rosario,14431959.600000001
NARIÑO,EL TABLON,11937,144319596,1,NO,narino,el tablon,14431959.600000001
NARIÑO,EL TAMBO,11872,144319596,1,NO,narino,el tambo,14431959.600000001
NARIÑO,FRANCISCO PIZARRO (SALAHONDA),7084,144319596,1,NO,narino,francisco pizarro (salahonda),14431959.600000001
NARIÑO,FUNES,5852,144319596,1,NO,narino,funes,14431959.600000001
NARIÑO,GUACHUCAL,14807,144319596,1,NO,narino,guachucal,14431959.600000001
NARIÑO,GUAITARILLA,11181,144319596,1,NO,narino,guaitarilla,14431959.600000001
NARIÑO,GUALMATAN,5451,144319596,1,NO,narino,gualmatan,14431959.600000001
NARIÑO,ILES,7381,144319596,1,NO,narino,iles,14431959.600000001
NARIÑO,IMUES,6690,144319596,1,NO,narino,imues,14431959.600000001
NARIÑO,IPIALES,103403,1647076017,1,SI,narino,ipiales,164707601.70000002
NARIÑO,LA CRUZ,14054,144319596,1,NO,narino,la cruz,14431959.600000001
NARIÑO,LA FLORIDA,9370,144319596,1,NO,narino,la florida,14431959.600000001
NARIÑO,LA LLANADA,4160,144319596,1,NO,narino,la llanada,14431959.600000001
NARIÑO,LA TOLA,5874,144319596,1,NO,narino,la tola,14431959.600000001
NARIÑO,LA UNION,23652,144319596,1,NO,narino,la union,14431959.600000001
NARIÑO,LEIVA,9056,144319596,1,NO,narino,leiva,14431959.600000001
NARIÑO,LINARES,8660,144319596,1,NO,narino,linares,14431959.600000001
NARIÑO,LOS ANDES (SOTOMAYOR),7951,144319596,1,NO,narino,los andes (sotomayor),14431959.600000001
NARIÑO,MAGUI (PAYAN),7243,144319596,1,NO,narino,magui (payan),14431959.600000001
NARIÑO,MALLAMA (PIEDRANCHA),6361,144319596,1,NO,narino,mallama (piedrancha),14431959.600000001
NARIÑO,MOSQUERA,7138,144319596,1,NO,narino,mosquera,14431959.600000001
NARIÑO,NARIÑO,5071,144319596,1,NO,narino,narino,14431959.600000001
NARIÑO,OLAYA HERRERA,16016,144319596,1,NO,narino,olaya herrera,14431959.600000001
NARIÑO,OSPINA,5993,144319596,1,NO,narino,ospina,14431959.600000001
NARIÑO,PASTO,313362,1862410015,1,SI,narino,pasto,186241001.5
NARIÑO,POLICARPA,11842,144319596,1,NO,narino,policarpa,14431959.600000001
NARIÑO,POTOSI,10023,144319596,1,NO,narino,potosi,14431959.600000001
NARIÑO,PROVIDENCIA,4986,144319596,1,NO,narino,providencia,14431959.600000001
NARIÑO,PUERRES,7821,144319596,1,NO,narino,puerres,14431959.600000001
NARIÑO,PUPIALES,15537,144319596,1,NO,narino,pupiales,14431959.600000001
NARIÑO,RICAURTE,19254,144319596,1,NO,narino,ricaurte,14431959.600000001
NARIÑO,ROBERTO PAYAN (SAN JOSE),9793,144319596,1,NO,narino,roberto payan (san jose),14431959.600000001
NARIÑO,SAMANIEGO,23210,144319596,1,NO,narino,samaniego,14431959.600000001
NARIÑO,SAN BERNARDO,6843,144319596,1,NO,narino,san bernardo,14431959.600000001
NARIÑO,SAN LORENZO,13476,144319596,1,NO,narino,san lorenzo,14431959.600000001
NARIÑO,SAN PABLO,11937,144319596,1,NO,narino,san pablo,14431959.600000001
NARIÑO,SAN PEDRO DE CARTAGO,5870,144319596,1,NO,narino,san pedro de cartago,14431959.600000001
NARIÑO,SANDONA,17217,144319596,1,NO,narino,sandona,14431959.600000001
NARIÑO,SANTA BARBARA (ISCUANDE),7713,144319596,1,NO,narino,santa barbara (iscuande),14431959.600000001
NARIÑO,SANTACRUZ (GUACHAVES),7466,144319596,1,NO,narino,santacruz (guachaves),14431959.600000001
NARIÑO,SAPUYES,5747,144319596,1,NO,narino,sapuyes,14431959.600000001
NARIÑO,TAMINANGO,14027,144319596,1,NO,narino,taminango,14431959.600000001
NARIÑO,TANGUA,10143,144319596,1,NO,narino,tangua,14431959.600000001
NARIÑO,TUMACO,135145,1647076017,1,SI,narino,tumaco,164707601.70000002
NARIÑO,TUQUERRES,36350,274894466,1,SI,narino,tuquerres,27489446.6
NARIÑO,YACUANQUER,8970,144319596,1,NO,narino,yacuanquer,14431959.600000001
NORTE DE SANTANDER,ABREGO,25131,274894466,1,SI,norte de santander,abrego,27489446.6
NORTE DE SANTANDER,ARBOLEDAS,7621,144319596,1,NO,norte de santander,arboledas,14431959.600000001
NORTE DE SANTANDER,BOCHALEMA,8405,144319596,1,NO,norte de santander,bochalema,14431959.600000001
NORTE DE SANTANDER,BUCARASICA,4241,144319596,1,NO,norte de santander,bucarasica,14431959.600000001
NORTE DE SANTANDER,CACHIRA,7535,144319596,1,NO,norte de santander,cachira,14431959.600000001
NORTE DE SANTANDER,CACOTA,2566,144319596,1,NO,norte de santander,cacota,14431959.600000001
NORTE DE SANTANDER,CHINACOTA,16089,144319596,1,NO,norte de santander,chinacota,14431959.600000001
NORTE DE SANTANDER,CHITAGA,8971,144319596,1,NO,norte de santander,chitaga,14431959.600000001
NORTE DE SANTANDER,CONVENCION,17139,144319596,1,NO,norte de santander,convencion,14431959.600000001
NORTE DE SANTANDER,CUCUTA,627374,2465931344,1,SI,norte de santander,cucuta,246593134.4
NORTE DE SANTANDER,CUCUTILLA,6876,144319596,1,NO,norte de santander,cucutilla,14431959.600000001
NORTE DE SANTANDER,DURANIA,7100,144319596,1,NO,norte de santander,durania,14431959.600000001
NORTE DE SANTANDER,EL CARMEN,10760,144319596,1,NO,norte de santander,el carmen,14431959.600000001
NORTE DE SANTANDER,EL TARRA,15765,144319596,1,NO,norte de santander,el tarra,14431959.600000001
NORTE DE SANTANDER,EL ZULIA,24527,144319596,1,NO,norte de santander,el zulia,14431959.600000001
NORTE DE SANTANDER,GRAMALOTE,5802,144319596,1,NO,norte de santander,gramalote,14431959.600000001
NORTE DE SANTANDER,HACARI,7978,144319596,1,NO,norte de santander,hacari,14431959.600000001
NORTE DE SANTANDER,HERRAN,5239,144319596,1,NO,norte de santander,herran,14431959.600000001
NORTE DE SANTANDER,LA ESPERANZA,9676,144319596,1,NO,norte de santander,la esperanza,14431959.600000001
NORTE DE SANTANDER,LA PLAYA,7229,144319596,1,NO,norte de santander,la playa,14431959.600000001
NORTE DE SANTANDER,LABATECA,5683,144319596,1,NO,norte de santander,labateca,14431959.600000001
NORTE DE SANTANDER,LOS PATIOS,85908,824683400,1,SI,norte de santander,los patios,82468340.0
NORTE DE SANTANDER,LOURDES,3694,144319596,1,NO,norte de santander,lourdes,14431959.600000001
NORTE DE SANTANDER,MUTISCUA,3265,144319596,1,NO,norte de santander,mutiscua,14431959.600000001
NORTE DE SANTANDER,OCAÑA,86142,824683400,1,SI,norte de santander,ocana,82468340.0
NORTE DE SANTANDER,PAMPLONA,50051,824683400,1,SI,norte de santander,pamplona,82468340.0
NORTE DE SANTANDER,PAMPLONITA,4326,144319596,1,NO,norte de santander,pamplonita,14431959.600000001
NORTE DE SANTANDER,PUERTO SANTANDER,19583,144319596,1,NO,norte de santander,puerto santander,14431959.600000001
NORTE DE SANTANDER,RAGONVALIA,10123,144319596,1,NO,norte de santander,ragonvalia,14431959.600000001
NORTE DE SANTANDER,SALAZAR,9818,144319596,1,NO,norte de santander,salazar,14431959.600000001
NORTE DE SANTANDER,SAN CALIXTO,8107,144319596,1,NO,norte de santander,san calixto,14431959.600000001
NORTE DE SANTANDER,SAN CAYETANO,10211,144319596,1,NO,norte de santander,san cayetano,14431959.600000001
NORTE DE SANTANDER,SANTIAGO,5390,144319596,1,NO,norte de santander,santiago,14431959.600000001
NORTE DE SANTANDER,SARDINATA,20694,144319596,1,NO,norte de santander,sardinata,14431959.600000001
NORTE DE SANTANDER,SILOS,4724,144319596,1,NO,norte de santander,silos,14431959.600000001
NORTE DE SANTANDER,TEORAMA,11302,144319596,1,NO,norte de santander,teorama,14431959.600000001
NORTE DE SANTANDER,TIBU,45056,274894466,1,SI,norte de santander,tibu,27489446.6
NORTE DE SANTANDER,TOLEDO,13073,144319596,1,NO,norte de santander,toledo,14431959.600000001
NORTE DE SANTANDER,VILLA CARO,4131,144319596,1,NO,norte de santander,villa caro,14431959.600000001
NORTE DE SANTANDER,VILLA DEL ROSARIO,104706,1647076017,1,SI,norte de santander,villa del rosario,164707601.70000002
PUTUMAYO,COLON,4665,144319596,1,NO,putumayo,colon,14431959.600000001
PUTUMAYO,MOCOA,41336,274894466,1,SI,putumayo,mocoa,27489446.6
PUTUMAYO,ORITO,29971,274894466,1,SI,putumayo,orito,27489446.6
PUTUMAYO,PUERTO ASIS,50577,824683400,1,SI,putumayo,puerto asis,82468340.0
PUTUMAYO,PUERTO CAICEDO,10294,144319596,1,NO,putumayo,puerto caicedo,14431959.600000001
PUTUMAYO,PUERTO GUZMAN,12443,144319596,1,NO,putumayo,puerto guzman,14431959.600000001
PUTUMAYO,PUERTO LEGUIZAMO,15748,144319596,1,NO,putumayo,puerto leguizamo,14431959.600000001
PUTUMAYO,SAN FRANCISCO,4924,144319596,1,NO,putumayo,san francisco,14431959.600000001
PUTUMAYO,SAN MIGUEL (LA DORADA),14372,144319596,1,NO,putumayo,san miguel (la dorada),14431959.600000001
PUTUMAYO,SANTIAGO,6610,144319596,1,NO,putumayo,santiago,14431959.600000001
PUTUMAYO,SIBUNDOY,11165,144319596,1,NO,putumayo,sibundoy,14431959.600000001
PUTUMAYO,VALLE DEL GUAMUEZ (LA HORMIGA),28745,274894466,1,SI,putumayo,valle del guamuez (la hormiga),27489446.6
PUTUMAYO,VILLAGARZON,19919,144319596,1,NO,putumayo,villagarzon,14431959.600000001
QUINDIO,ARMENIA,273196,1862410015,1,SI,quindio,armenia,186241001.5
QUINDIO,BUENAVISTA,2788,144319596,1,NO,quindio,buenavista,14431959.600000001
QUINDIO,CALARCA,63320,824683400,1,SI,quindio,calarca,82468340.0
QUINDIO,CIRCASIA,24481,144319596,1,NO,quindio,circasia,14431959.600000001
QUINDIO,CORDOBA,5675,144319596,1,NO,quindio,cordoba,14431959.600000001
QUINDIO,FILANDIA,10872,144319596,1,NO,quindio,filandia,14431959.600000001
QUINDIO,GENOVA,7504,144319596,1,NO,quindio,genova,14431959.600000001
QUINDIO,LA TEBAIDA,30462,274894466,1,SI,quindio,la tebaida,27489446.6
QUINDIO,MONTENEGRO,35856,274894466,1,SI,quindio,montenegro,27489446.6
QUINDIO,PIJAO,6080,144319596,1,NO,quindio,pijao,14431959.600000001
QUINDIO,QUIMBAYA,31167,274894466,1,SI,quindio,quimbaya,27489446.6
QUINDIO,SALENTO,6174,144319596,1,NO,quindio,salento,14431959.600000001
RISARALDA,APIA,10790,144319596,1,NO,risaralda,apia,14431959.600000001
RISARALDA,BALBOA,5955,144319596,1,NO,risaralda,balboa,14431959.600000001
RISARALDA,BELEN DE UMBRIA,22809,144319596,1,NO,risaralda,belen de umbria,14431959.600000001
RISARALDA,DOSQUEBRADAS,178011,1647076017,1,SI,risaralda,dosquebradas,164707601.70000002
RISARALDA,GUATICA,10963,144319596,1,NO,risaralda,guatica,14431959.600000001
RISARALDA,LA CELIA,6961,144319596,1,NO,risaralda,la celia,14431959.600000001
RISARALDA,LA VIRGINIA,34534,274894466,1,SI,risaralda,la virginia,27489446.6
RISARALDA,MARSELLA,16079,144319596,1,NO,risaralda,marsella,14431959.600000001
RISARALDA,MISTRATO,12482,144319596,1,NO,risaralda,mistrato,14431959.600000001
RISARALDA,PEREIRA,443268,1862410015,1,SI,risaralda,pereira,186241001.5
RISARALDA,PUEBLO RICO,11641,144319596,1,NO,risaralda,pueblo rico,14431959.600000001
RISARALDA,QUINCHIA,21476,144319596,1,NO,risaralda,quinchia,14431959.600000001
RISARALDA,SANTA ROSA DE CABAL,67011,824683400,1,SI,risaralda,santa rosa de cabal,82468340.0
RISARALDA,SANTUARIO,12291,144319596,1,NO,risaralda,santuario,14431959.600000001
SAN ANDRES,PROVIDENCIA,4811,144319596,1,NO,san andres,providencia,14431959.600000001
SAN ANDRES,SAN ANDRES,47807,274894466,1,SI,san andres,san andres,27489446.6
SANTANDER,AGUADA,1527,144319596,1,NO,santander,aguada,14431959.600000001
SANTANDER,ALBANIA,3446,144319596,1,NO,santander,albania,14431959.600000001
SANTANDER,ARATOCA,6963,144319596,1,NO,santander,aratoca,14431959.600000001
SANTANDER,BARBOSA,26731,274894466,1,SI,santander,barbosa,27489446.6
SANTANDER,BARICHARA,7308,144319596,1,NO,santander,barichara,14431959.600000001
SANTANDER,BARRANCABERMEJA,185682,1647076017,1,SI,santander,barrancabermeja,164707601.70000002
SANTANDER,BETULIA,4352,144319596,1,NO,santander,betulia,14431959.600000001
SANTANDER,BOLIVAR,8215,144319596,1,NO,santander,bolivar,14431959.600000001
SANTANDER,BUCARAMANGA,520595,2465931344,1,SI,santander,bucaramanga,246593134.4
SANTANDER,CABRERA,1804,144319596,1,NO,santander,cabrera,14431959.600000001
SANTANDER,CALIFORNIA,1745,144319596,1,NO,santander,california,14431959.600000001
SANTANDER,CAPITANEJO,5094,144319596,1,NO,santander,capitanejo,14431959.600000001
SANTANDER,CARCASI,3702,144319596,1,NO,santander,carcasi,14431959.600000001
SANTANDER,CEPITA,2102,144319596,1,NO,santander,cepita,14431959.600000001
SANTANDER,CERRITO,5365,144319596,1,NO,santander,cerrito,14431959.600000001
SANTANDER,CHARALA,10068,144319596,1,NO,santander,charala,14431959.600000001
SANTANDER,CHARTA,3341,144319596,1,NO,santander,charta,14431959.600000001
SANTANDER,CHIMA,2658,144319596,1,NO,santander,chima,14431959.600000001
SANTANDER,CHIPATA,4373,144319596,1,NO,santander,chipata,14431959.600000001
SANTANDER,CIMITARRA,29451,274894466,1,SI,santander,cimitarra,27489446.6
SANTANDER,CONCEPCION,5277,144319596,1,NO,santander,concepcion,14431959.600000001
SANTANDER,CONFINES,2790,144319596,1,NO,santander,confines,14431959.600000001
SANTANDER,CONTRATACION,3062,144319596,1,NO,santander,contratacion,14431959.600000001
SANTANDER,COROMORO,4309,144319596,1,NO,santander,coromoro,14431959.600000001
SANTANDER,CURITI,9949,144319596,1,NO,santander,curiti,14431959.600000001
SANTANDER,EL CARMEN,12005,144319596,1,NO,santander,el carmen,14431959.600000001
SANTANDER,EL GUACAMAYO,1608,144319596,1,NO,santander,el guacamayo,14431959.600000001
SANTANDER,EL PEÑON,3824,144319596,1,NO,santander,el penon,14431959.600000001
SANTANDER,EL PLAYON,12751,144319596,1,NO,santander,el playon,14431959.600000001
SANTANDER,ENCINO,2202,144319596,1,NO,santander,encino,14431959.600000001
SANTANDER,ENCISO,3409,144319596,1,NO,santander,enciso,14431959.600000001
SANTANDER,FLORIAN,6020,144319596,1,NO,santander,florian,14431959.600000001
SANTANDER,FLORIDABLANCA,215506,1647076017,1,SI,santander,floridablanca,164707601.70000002
SANTANDER,GALAN,2584,144319596,1,NO,santander,galan,14431959.600000001
SANTANDER,GAMBITA,3383,144319596,1,NO,santander,gambita,14431959.600000001
SANTANDER,GIRON,127773,1647076017,1,SI,santander,giron,164707601.70000002
SANTANDER,GUACA,5542,144319596,1,NO,santander,guaca,14431959.600000001
SANTANDER,GUADALUPE,4389,144319596,1,NO,santander,guadalupe,14431959.600000001
SANTANDER,GUAPOTA,2029,144319596,1,NO,santander,guapota,14431959.600000001
SANTANDER,GUAVATA,4681,144319596,1,NO,santander,guavata,14431959.600000001
SANTANDER,GUEPSA,4389,144319596,1,NO,santander,guepsa,14431959.600000001
SANTANDER,HATO,2078,144319596,1,NO,santander,hato,14431959.600000001
SANTANDER,JESUS MARIA,3531,144319596,1,NO,santander,jesus maria,14431959.600000001
SANTANDER,JORDAN,1322,144319596,1,NO,santander,jordan,14431959.600000001
SANTANDER,LA BELLEZA,5934,144319596,1,NO,santander,la belleza,14431959.600000001
SANTANDER,LA PAZ,4105,144319596,1,NO,santander,la paz,14431959.600000001
SANTANDER,LANDAZURI,9975,144319596,1,NO,santander,landazuri,14431959.600000001
SANTANDER,LEBRIJA,35629,274894466,1,SI,santander,lebrija,27489446.6
SANTANDER,LOS SANTOS,10085,144319596,1,NO,santander,los santos,14431959.600000001
SANTANDER,MACARAVITA,2347,144319596,1,NO,santander,macaravita,14431959.600000001
SANTANDER,MALAGA,16677,144319596,1,NO,santander,malaga,14431959.600000001
SANTANDER,MATANZA,5231,144319596,1,NO,santander,matanza,14431959.600000001
SANTANDER,MOGOTES,8018,144319596,1,NO,santander,mogotes,14431959.600000001
SANTANDER,MOLAGAVITA,3813,144319596,1,NO,santander,molagavita,14431959.600000001
SANTANDER,OCAMONTE,4020,144319596,1,NO,santander,ocamonte,14431959.600000001
SANTANDER,OIBA,9717,144319596,1,NO,santander,oiba,14431959.600000001
SANTANDER,ONZAGA,3711,144319596,1,NO,santander,onzaga,14431959.600000001
SANTANDER,PALMAR,1595,144319596,1,NO,santander,palmar,14431959.600000001
SANTANDER,PALMAS DEL SOCORRO,2420,144319596,1,NO,santander,palmas del socorro,14431959.600000001
SANTANDER,PARAMO,3882,144319596,1,NO,santander,paramo,14431959.600000001
SANTANDER,PIEDECUESTA,124571,1647076017,1,SI,santander,piedecuesta,164707601.70000002
SANTANDER,PINCHOTE,3634,144319596,1,NO,santander,pinchote,14431959.600000001
SANTANDER,PUENTE NACIONAL,13137,144319596,1,NO,santander,puente nacional,14431959.600000001
SANTANDER,PUERTO PARRA,6477,144319596,1,NO,santander,puerto parra,14431959.600000001
SANTANDER,PUERTO WILCHES,25393,274894466,1,SI,santander,puerto wilches,27489446.6
SANTANDER,RIONEGRO,24451,144319596,1,NO,santander,rionegro,14431959.600000001
SANTANDER,SABANA DE TORRES,23926,144319596,1,NO,santander,sabana de torres,14431959.600000001
SANTANDER,SAN ANDRES,6845,144319596,1,NO,santander,san andres,14431959.600000001
SANTANDER,SAN BENITO,2969,144319596,1,NO,santander,san benito,14431959.600000001
SANTANDER,SAN GIL,45879,274894466,1,SI,santander,san gil,27489446.6
SANTANDER,SAN JOAQUIN,2290,144319596,1,NO,santander,san joaquin,14431959.600000001
SANTANDER,SAN JOSE DE MIRANDA,4309,144319596,1,NO,santander,san jose de miranda,14431959.600000001
SANTANDER,SAN MIGUEL,2249,144319596,1,NO,santander,san miguel,14431959.600000001
SANTANDER,SAN VICENTE DE CHUCURI,24814,144319596,1,NO,santander,san vicente de chucuri,14431959.600000001
SANTANDER,SANTA BARBARA,2264,144319596,1,NO,santander,santa barbara,14431959.600000001
SANTANDER,SANTA HELENA DEL OPON,3434,144319596,1,NO,santander,santa helena del opon,14431959.600000001
SANTANDER,SIMACOTA,6208,144319596,1,NO,santander,simacota,14431959.600000001
SANTANDER,SOCORRO,25317,274894466,1,SI,santander,socorro,27489446.6
SANTANDER,SUAITA,8676,144319596,1,NO,santander,suaita,14431959.600000001
SANTANDER,SUCRE,5684,144319596,1,NO,santander,sucre,14431959.600000001
SANTANDER,SURATA,3550,144319596,1,NO,santander,surata,14431959.600000001
SANTANDER,TONA,5265,144319596,1,NO,santander,tona,14431959.600000001
SANTANDER,VALLE DE SAN JOSE,5163,144319596,1,NO,santander,valle de san jose,14431959.600000001
SANTANDER,VELEZ,16783,144319596,1,NO,santander,velez,14431959.600000001
SANTANDER,VETAS,1484,144319596,1,NO,santander,vetas,14431959.600000001
SANTANDER,VILLANUEVA,6954,144319596,1,NO,santander,villanueva,14431959.600000001
SANTANDER,ZAPATOCA,8027,144319596,1,NO,santander,zapatoca,14431959.600000001
SUCRE,BUENAVISTA,10270,144319596,1,NO,sucre,buenavista,14431959.600000001
SUCRE,CAIMITO,10253,144319596,1,NO,sucre,caimito,14431959.600000001
SUCRE,CHALAN,4898,144319596,1,NO,sucre,chalan,14431959.600000001
SUCRE,COLOSO (RICAURTE),8377,144319596,1,NO,sucre,coloso (ricaurte),14431959.600000001
SUCRE,COROZAL,50149,824683400,1,SI,sucre,corozal,82468340.0
SUCRE,COVEÑAS,14285,144319596,1,NO,sucre,covenas,14431959.600000001
SUCRE,EL ROBLE,9547,144319596,1,NO,sucre,el roble,14431959.600000001
SUCRE,GALERAS (NUEVA GRANADA),18379,144319596,1,NO,sucre,galeras (nueva granada),14431959.600000001
SUCRE,GUARANDA,14983,144319596,1,NO,sucre,guaranda,14431959.600000001
SUCRE,LA UNION,10848,144319596,1,NO,sucre,la union,14431959.600000001
SUCRE,LOS PALMITOS,19745,144319596,1,NO,sucre,los palmitos,14431959.600000001
SUCRE,MAJAGUAL,29149,274894466,1,SI,sucre,majagual,27489446.6
SUCRE,MORROA,15511,144319596,1,NO,sucre,morroa,14431959.600000001
SUCRE,OVEJAS,23051,144319596,1,NO,sucre,ovejas,14431959.600000001
SUCRE,PALMITO,12474,144319596,1,NO,sucre,palmito,14431959.600000001
SUCRE,SAMPUES,35646,274894466,1,SI,sucre,sampues,27489446.6
SUCRE,SAN BENITO ABAD,20601,144319596,1,NO,sucre,san benito abad,14431959.600000001
SUCRE,SAN JUAN DE BETULIA (BETULIA),12190,144319596,1,NO,sucre,san juan de betulia (betulia),14431959.600000001
SUCRE,SAN MARCOS,48486,274894466,1,SI,sucre,san marcos,27489446.6
SUCRE,SAN ONOFRE,46937,274894466,1,SI,sucre,san onofre,27489446.6
SUCRE,SAN PEDRO,17487,144319596,1,NO,sucre,san pedro,14431959.600000001
SUCRE,SINCE,27944,274894466,1,SI,sucre,since,27489446.6
SUCRE,SINCELEJO,218317,1647076017,1,SI,sucre,sincelejo,164707601.70000002
SUCRE,SUCRE,21674,144319596,1,NO,sucre,sucre,14431959.600000001
SUCRE,TOLU,25628,274894466,1,SI,sucre,tolu,27489446.6
SUCRE,TOLUVIEJO,20993,144319596,1,NO,sucre,toluviejo,14431959.600000001
TOLIMA,ALPUJARRA,3776,144319596,1,NO,tolima,alpujarra,14431959.600000001
TOLIMA,ALVARADO,8771,144319596,1,NO,tolima,alvarado,14431959.600000001
TOLIMA,AMBALEMA,6714,144319596,1,NO,tolima,ambalema,14431959.600000001
TOLIMA,ANZOATEGUI,8542,144319596,1,NO,tolima,anzoategui,14431959.600000001
TOLIMA,ARMERO (GUAYABAL),10661,144319596,1,NO,tolima,armero (guayabal),14431959.600000001
TOLIMA,ATACO,15972,144319596,1,NO,tolima,ataco,14431959.600000001
TOLIMA,CAJAMARCA,17154,144319596,1,NO,tolima,cajamarca,14431959.600000001
TOLIMA,CARMEN DE APICALA,10141,144319596,1,NO,tolima,carmen de apicala,14431959.600000001
TOLIMA,CASABIANCA,5623,144319596,1,NO,tolima,casabianca,14431959.600000001
TOLIMA,CHAPARRAL,41027,274894466,1,SI,tolima,chaparral,27489446.6
TOLIMA,COELLO,8335,144319596,1,NO,tolima,coello,14431959.600000001
TOLIMA,COYAIMA,17997,144319596,1,NO,tolima,coyaima,14431959.600000001
TOLIMA,CUNDAY,7267,144319596,1,NO,tolima,cunday,14431959.600000001
TOLIMA,DOLORES,7038,144319596,1,NO,tolima,dolores,14431959.600000001
TOLIMA,ESPINAL,62144,824683400,1,SI,tolima,espinal,82468340.0
TOLIMA,FALAN,6226,144319596,1,NO,tolima,falan,14431959.600000001
TOLIMA,FLANDES,19193,144319596,1,NO,tolima,flandes,14431959.600000001
TOLIMA,FRESNO,27999,274894466,1,SI,tolima,fresno,27489446.6
TOLIMA,GUAMO,26334,274894466,1,SI,tolima,guamo,27489446.6
TOLIMA,HERVEO,5781,144319596,1,NO,tolima,herveo,14431959.600000001
TOLIMA,HONDA,22908,144319596,1,NO,tolima,honda,14431959.600000001
TOLIMA,IBAGUE,454960,1862410015,1,SI,tolima,ibague,186241001.5
TOLIMA,ICONONZO,9299,144319596,1,NO,tolima,icononzo,14431959.600000001
TOLIMA,LERIDA,15614,144319596,1,NO,tolima,lerida,14431959.600000001
TOLIMA,LIBANO,33801,274894466,1,SI,tolima,libano,27489446.6
TOLIMA,MARIQUITA,30298,274894466,1,SI,tolima,mariquita,27489446.6
TOLIMA,MELGAR,31915,274894466,1,SI,tolima,melgar,27489446.6
TOLIMA,MURILLO,3893,144319596,1,NO,tolima,murillo,14431959.600000001
TOLIMA,NATAGAIMA,15408,144319596,1,NO,tolima,natagaima,14431959.600000001
TOLIMA,ORTEGA,23790,144319596,1,NO,tolima,ortega,14431959.600000001
TOLIMA,PALOCABILDO,8403,144319596,1,NO,tolima,palocabildo,14431959.600000001
TOLIMA,PIEDRAS,5730,144319596,1,NO,tolima,piedras,14431959.600000001
TOLIMA,PLANADAS,23660,144319596,1,NO,tolima,planadas,14431959.600000001
TOLIMA,PRADO,8096,144319596,1,NO,tolima,prado,14431959.600000001
TOLIMA,PURIFICACION,20644,144319596,1,NO,tolima,purificacion,14431959.600000001
TOLIMA,RIOBLANCO,18073,144319596,1,NO,tolima,rioblanco,14431959.600000001
TOLIMA,RONCESVALLES,4461,144319596,1,NO,tolima,roncesvalles,14431959.600000001
TOLIMA,ROVIRA,21238,144319596,1,NO,tolima,rovira,14431959.600000001
TOLIMA,SALDAÑA,12996,144319596,1,NO,tolima,saldana,14431959.600000001
TOLIMA,SAN ANTONIO,10683,144319596,1,NO,tolima,san antonio,14431959.600000001
TOLIMA,SAN LUIS,12078,144319596,1,NO,tolima,san luis,14431959.600000001
TOLIMA,SANTA ISABEL,5843,144319596,1,NO,tolima,santa isabel,14431959.600000001
TOLIMA,SUAREZ,4650,144319596,1,NO,tolima,suarez,14431959.600000001
TOLIMA,VALLE DE SAN JUAN,4973,144319596,1,NO,tolima,valle de san juan,14431959.600000001
TOLIMA,VENADILLO,12056,144319596,1,NO,tolima,venadillo,14431959.600000001
TOLIMA,VILLAHERMOSA,7073,144319596,1,NO,tolima,villahermosa,14431959.600000001
TOLIMA,VILLARRICA,5105,144319596,1,NO,tolima,villarrica,14431959.600000001
VALLE,ALCALA,12337,144319596,1,NO,valle,alcala,14431959.600000001
VALLE,ANDALUCIA,20116,144319596,1,NO,valle,andalucia,14431959.600000001
VALLE,ANSERMANUEVO,19298,144319596,1,NO,valle,ansermanuevo,14431959.600000001
VALLE,ARGELIA,6157,144319596,1,NO,valle,argelia,14431959.600000001
VALLE,BOLIVAR,13556,144319596,1,NO,valle,bolivar,14431959.600000001
VALLE,BUENAVENTURA,235673,1647076017,1,SI,valle,buenaventura,164707601.70000002
VALLE,BUGA,108850,1647076017,1,SI,valle,buga,164707601.70000002
VALLE,BUGALAGRANDE,20642,144319596,1,NO,valle,bugalagrande,14431959.600000001
VALLE,CAICEDONIA,28139,274894466,1,SI,valle,caicedonia,27489446.6
VALLE,CALI,1820840,2630764028,1,SI,valle,cali,263076402.8
VALLE,CALIMA (DARIEN),15212,144319596,1,NO,valle,calima (darien),14431959.600000001
VALLE,CANDELARIA,80274,824683400,1,SI,valle,candelaria,82468340.0
VALLE,CARTAGO,120746,1647076017,1,SI,valle,cartago,164707601.70000002
VALLE,DAGUA,37484,274894466,1,SI,valle,dagua,27489446.6
VALLE,EL AGUILA,7796,144319596,1,NO,valle,el aguila,14431959.600000001
VALLE,EL CAIRO,6682,144319596,1,NO,valle,el cairo,14431959.600000001
VALLE,EL CERRITO,55798,824683400,1,SI,valle,el cerrito,82468340.0
VALLE,EL DOVIO,10452,144319596,1,NO,valle,el dovio,14431959.600000001
VALLE,FLORIDA,54752,824683400,1,SI,valle,florida,82468340.0
VALLE,GINEBRA,19059,144319596,1,NO,valle,ginebra,14431959.600000001
VALLE,GUACARI,29917,274894466,1,SI,valle,guacari,27489446.6
VALLE,JAMUNDI,117800,1647076017,1,SI,valle,jamundi,164707601.70000002
VALLE,LA CUMBRE,13940,144319596,1,NO,valle,la cumbre,14431959.600000001
VALLE,LA UNION,28065,274894466,1,SI,valle,la union,27489446.6
VALLE,LA VICTORIA,11840,144319596,1,NO,valle,la victoria,14431959.600000001
VALLE,OBANDO,11320,144319596,1,NO,valle,obando,14431959.600000001
VALLE,PALMIRA,283530,1862410015,1,SI,valle,palmira,186241001.5
VALLE,PRADERA,42763,274894466,1,SI,valle,pradera,27489446.6
VALLE,RESTREPO,16301,144319596,1,NO,valle,restrepo,14431959.600000001
VALLE,RIOFRIO,16171,144319596,1,NO,valle,riofrio,14431959.600000001
VALLE,ROLDANILLO,30793,274894466,1,SI,valle,roldanillo,27489446.6
VALLE,SAN PEDRO,15344,144319596,1,NO,valle,san pedro,14431959.600000001
VALLE,SEVILLA,38246,274894466,1,SI,valle,sevilla,27489446.6
VALLE,TORO,13091,144319596,1,NO,valle,toro,14431959.600000001
VALLE,TRUJILLO,16788,144319596,1,NO,valle,trujillo,14431959.600000001
VALLE,TULUA,173284,1647076017,1,SI,valle,tulua,164707601.70000002
VALLE,ULLOA,5080,144319596,1,NO,valle,ulloa,14431959.600000001
VALLE,VERSALLES,7801,144319596,1,NO,valle,versalles,14431959.600000001
VALLE,VIJES,11236,144319596,1,NO,valle,vijes,14431959.600000001
VALLE,YOTOCO,15193,144319596,1,NO,valle,yotoco,14431959.600000001
VALLE,YUMBO,107587,1647076017,1,SI,valle,yumbo,164707601.70000002
VALLE,ZARZAL,39369,274894466,1,SI,valle,zarzal,27489446.6
VAUPES,BUENOS AIRES (PACOA),1147,144319596,1,NO,vaupes,buenos aires (pacoa),14431959.600000001
VAUPES,CARURU,1776,144319596,1,NO,vaupes,caruru,14431959.600000001
VAUPES,MITU,18497,144319596,1,NO,vaupes,mitu,14431959.600000001
VAUPES,MORICHAL (PAPUNAGUA),174,144319596,1,NO,vaupes,morichal (papunagua),14431959.600000001
VAUPES,TARAIRA,1822,144319596,1,NO,vaupes,taraira,14431959.600000001
VAUPES,YAVARATE,988,144319596,1,NO,vaupes,yavarate,14431959.600000001
VICHADA,CUMARIBO,23226,144319596,1,NO,vichada,cumaribo,14431959.600000001
VICHADA,LA PRIMAVERA,7430,144319596,1,NO,vichada,la primavera,14431959.600000001
VICHADA,PUERTO CARREÑO,20396,144319596,1,NO,vichada,puerto carreno,14431959.600000001
VICHADA,SANTA ROSALIA,3377,144319596,1,NO,vichada,santa rosalia,14431959.600000001
